,index,station_id,coastal,blue,green,red,nir,id,organization,region,local,lat,long,date,chla,tss,secchi,acdom440,local_year_month,predicted
0,0,GID_1,0.001156532,0.001574335,0.003120137,0.002607384,0.000335677,GID_1,UT-TO,Estonia,Lake Peipsi,58.49994,27.28475,7/8/2013,,2.67,1.85,2.532843602,Lake Peipsi_2013_07,1.3666108846664429
1,1,GID_10,0.002563209,0.003244053,0.005527963,0.005148531,0.001767114,GID_10,UT-TO,Estonia,Lake Peipsi,58.44412,27.28849,7/9/2013,,8.33,1.1,2.440740199,Lake Peipsi_2013_07,1.3332921266555786
2,2,GID_100,0.001147533,0.001512987,0.002305175,0.002151929,0.000981602,GID_100,UT-TO,Estonia,Lake Peipsi,58.78147,27.33255,5/17/2017,,7.33,2.2,3.131515726,Lake Peipsi_2017_05,1.6359235048294067
3,3,GID_101,0.001947753,0.003191543,0.007948629,0.007258,0.000872523,GID_101,UT-TO,Estonia,Parnu Bay,58.36707,24.46216,7/7/2017,,9.25,0.9,3.361774236,Parnu Bay_2017_07,0.6988909840583801
4,4,GID_102,0.003864962,0.005955354,0.010946142,0.00762329,0.00078862,GID_102,UT-TO,Estonia,Parnu Bay,58.33945,24.41657,7/7/2017,,6.75,1.0,1.197344248,Parnu Bay_2017_07,0.8755205869674683
5,5,GID_103,0.003787096,0.005815791,0.010676172,0.007009143,0.00086688,GID_103,UT-TO,Estonia,Parnu Bay,58.305,24.35394,7/7/2017,,8.5,1.1,1.013137441,Parnu Bay_2017_07,0.9534482955932617
6,6,GID_104,0.003990065,0.006418934,0.012637962,0.009021228,0.000775836,GID_104,UT-TO,Estonia,Parnu Bay,58.25143,24.44607,7/7/2017,,8.75,0.9,1.289447652,Parnu Bay_2017_07,0.5687240958213806
7,7,GID_105,0.002906905,0.004695892,0.00904675,0.005854756,0.000623938,GID_105,UT-TO,Estonia,Parnu Bay,58.26721,24.31929,7/7/2017,,8.5,1.2,1.013137441,Parnu Bay_2017_07,1.1446477174758911
8,8,GID_106,0.002694669,0.004318357,0.008383614,0.005403491,0.000519222,GID_106,UT-TO,Estonia,Parnu Bay,58.21943,24.30752,7/7/2017,,7.25,1.2,0.967085739,Parnu Bay_2017_07,1.2345163822174072
9,9,GID_107,0.001871642,0.002867943,0.005481722,0.003359047,0.000413543,GID_107,UT-TO,Estonia,Parnu Bay,58.06697,23.95081,7/7/2017,,4.25,1.5,0.828930633,Parnu Bay_2017_07,1.602799654006958
10,10,GID_11,0.001407603,0.001903875,0.003516523,0.002931979,0.00058752,GID_11,UT-TO,Estonia,Lake Peipsi,58.47593,27.35226,7/9/2013,,3.33,1.5,2.302585093,Lake Peipsi_2013_07,1.485573172569275
11,11,GID_110,0.002027572,0.002373298,0.003467304,0.002528826,0.001113374,GID_110,UT-TO,Estonia,Lake Rouge Suurjarv,57.72892,26.92078,7/18/2017,,4.0,2.0,1.749964671,Lake Rouge Suurjarv_2017_07,2.471320629119873
12,12,GID_112,0.002130069,0.002963281,0.00560157,0.003367922,0.000713009,GID_112,UT-TO,Estonia,Lake Pangodi,58.19748,26.57209,7/18/2017,,5.25,1.8,0.874982335,Lake Pangodi_2017_07,1.6730011701583862
13,13,GID_113,0.001474725,0.002126311,0.004380786,0.002898179,0.000687893,GID_113,UT-TO,Estonia,Lake Ahijarv,57.71287,26.50159,8/3/2017,,5.67,1.2,1.105240845,Lake Ahijarv_2017_08,1.4108065366744995
14,14,GID_114,0.001264625,0.001645954,0.002601158,0.001885998,0.00082753,GID_114,UT-TO,Estonia,Lake Rouge Suurjarv,57.72864,26.92186,8/3/2017,,2.75,3.5,1.842068,Lake Rouge Suurjarv_2017_08,2.844482421875
15,15,GID_115,0.002039387,0.002704293,0.004869907,0.003527614,0.000848628,GID_115,UT-TO,Estonia,Lake Otepaa Valgjarv,58.08807,26.64253,8/3/2017,,25.5,1.3,1.842068,Lake Otepaa Valgjarv_2017_08,1.4501407146453857
16,16,GID_1156,0.003117635,0.004872546,0.01370686,0.007089479,0.000817315,GID_1156,UNL,United States of America (the),Fremont Lake #01,41.45017,-96.5606,7/2/2008,12.7,9.0,1.12,0.7435159,Fremont Lake #01_2008_07,0.658522367477417
17,17,GID_1157,0.003599593,0.005826594,0.01686736,0.01055586,0.001433938,GID_1157,UNL,United States of America (the),Fremont Lake #02,41.4498,-96.56363,7/2/2008,23.8,15.0,0.78,0.9376645,Fremont Lake #02_2008_07,0.33825546503067017
18,18,GID_1158,0.001823793,0.002980901,0.00898722,0.005952755,0.000800324,GID_1158,UNL,United States of America (the),Fremont Lake #03,41.45073,-96.5695,7/2/2008,17.1,6.86,1.1,1.452454,Fremont Lake #03_2008_07,0.30161958932876587
19,19,GID_1159,0.001081361,0.001517263,0.002806561,0.001582351,0.000338337,GID_1159,UNL,United States of America (the),Fremont Lake #04,41.45053,-96.57692,7/2/2008,2.68,2.59,2.97,1.216457,Fremont Lake #04_2008_07,3.250302791595459
20,20,GID_116,0.001944095,0.002187742,0.003390082,0.002493407,0.000481474,GID_116,UT-TO,Estonia,Lake Verevi,58.23071,26.40493,8/3/2017,,4.4,1.4,2.44074,Lake Verevi_2017_08,2.271869659423828
21,21,GID_1160,0.001789697,0.002843257,0.008122314,0.004551047,0.000465913,GID_1160,UNL,United States of America (the),Fremont Lake #05,41.44907,-96.5709,7/2/2008,17.0,5.92,1.08,1.075879,Fremont Lake #05_2008_07,0.333189994096756
22,22,GID_1161,0.001571113,0.002232397,0.004812696,0.002313708,0.000396645,GID_1161,UNL,United States of America (the),Fremont Lake #18,41.43837,-96.54097,7/2/2008,4.56,3.45,1.98,0.6151869,Fremont Lake #18_2008_07,2.3941142559051514
23,23,GID_1162,0.001528573,0.002645374,0.007893364,0.004983279,0.000417596,GID_1162,UNL,United States of America (the),Fremont Lake #17,41.4394,-96.54592,7/2/2008,20.8,8.57,0.85,1.163663,Fremont Lake #17_2008_07,0.3030203580856323
24,24,GID_1163,0.001200402,0.001681198,0.003716381,0.002466564,0.000411995,GID_1163,UNL,United States of America (the),Fremont Lake #16,41.44202,-96.55752,7/2/2008,7.16,5.33,1.11,0.7123111,Fremont Lake #16_2008_07,1.376070261001587
25,25,GID_1164,0.001746349,0.002454557,0.005705401,0.003087693,0.00070189,GID_1164,UNL,United States of America (the),Fremont Lake #07,41.44992,-96.57977,7/2/2008,14.1,4.0,1.07,1.199336,Fremont Lake #07_2008_07,1.3292977809906006
26,26,GID_1165,0.003538046,0.005644153,0.01556457,0.008028866,0.000993347,GID_1165,UNL,United States of America (the),Fremont Lake #01,41.45017,-96.5606,7/14/2008,13.6,7.06,1.27,0.6950383,Fremont Lake #01_2008_07,0.6578572988510132
27,27,GID_1166,0.003804083,0.006034398,0.01861078,0.01291328,0.001614509,GID_1166,UNL,United States of America (the),Fremont Lake #02,41.4498,-96.56363,7/14/2008,24.1,14.0,0.51,0.8214385,Fremont Lake #02_2008_07,0.41314131021499634
28,28,GID_1167,0.003234572,0.005119471,0.01560079,0.009477038,0.001141324,GID_1167,UNL,United States of America (the),Fremont Lake #03,41.45073,-96.5695,7/14/2008,17.7,10.0,0.92,1.060244,Fremont Lake #03_2008_07,0.3300457000732422
29,29,GID_1168,0.001062453,0.001362227,0.00237092,0.001493448,0.000382892,GID_1168,UNL,United States of America (the),Fremont Lake #04,41.45053,-96.57692,7/14/2008,7.26,2.19,2.41,1.009284,Fremont Lake #04_2008_07,3.317450523376465
30,30,GID_1169,0.00150223,0.002202179,0.005650067,0.003205833,0.000450811,GID_1169,UNL,United States of America (the),Fremont Lake #05,41.44907,-96.5709,7/14/2008,18.0,5.73,0.98,0.9299826,Fremont Lake #05_2008_07,1.0378490686416626
31,31,GID_1170,0.001509501,0.002205191,0.004864332,0.002749221,0.000388418,GID_1170,UNL,United States of America (the),Fremont Lake #16,41.44202,-96.55752,7/14/2008,9.46,5.09,0.94,0.7122916,Fremont Lake #16_2008_07,1.5131046772003174
32,32,GID_1171,0.001852545,0.002979163,0.008615843,0.0053074,0.000682241,GID_1171,UNL,United States of America (the),Fremont Lake #17,41.4394,-96.54592,7/14/2008,23.3,10.0,0.86,1.156069,Fremont Lake #17_2008_07,0.30546870827674866
33,33,GID_1172,0.00149205,0.002020489,0.004428366,0.00197113,0.000347819,GID_1172,UNL,United States of America (the),Fremont Lake #18,41.43837,-96.54097,7/14/2008,7.63,4.0,1.82,0.58081,Fremont Lake #18_2008_07,2.739933729171753
34,34,GID_1173,0.001178447,0.001699904,0.00433426,0.002440695,0.00046015,GID_1173,UNL,United States of America (the),Fremont Lake #07,41.44992,-96.57977,7/14/2008,17.5,7.67,0.9,1.103726,Fremont Lake #07_2008_07,1.268939733505249
35,35,GID_1174,0.004329083,0.006310167,0.01060345,0.00520592,0.001112311,GID_1174,UNL,United States of America (the),McConaughy Lake,41.22194,-101.6903,7/26/2008,13.7,8.0,1.16,,McConaughy Lake_2008_07,2.1021060943603516
36,36,GID_1175,0.002942531,0.00411154,0.006693994,0.003290937,0.00118902,GID_1175,UNL,United States of America (the),McConaughy Lake,41.22806,-101.7531,7/26/2008,14.9,5.6,1.16,,McConaughy Lake_2008_07,2.639497756958008
37,37,GID_1176,0.0038761,0.005583471,0.009380339,0.004679065,0.000826956,GID_1176,UNL,United States of America (the),McConaughy Lake,41.24861,-101.8186,7/26/2008,16.1,7.11,1.1,,McConaughy Lake_2008_07,2.0951943397521973
38,38,GID_1177,0.004649069,0.006985068,0.01267743,0.006907456,0.001201617,GID_1177,UNL,United States of America (the),McConaughy Lake,41.26972,-101.885,7/26/2008,22.6,11.4,0.72,,McConaughy Lake_2008_07,1.3281893730163574
39,39,GID_1178,0.002694041,0.004375197,0.01151289,0.009224654,0.003516279,GID_1178,UNL,United States of America (the),McConaughy Lake,41.28278,-101.9447,7/26/2008,111.0,88.0,0.14,,McConaughy Lake_2008_07,0.4504024386405945
40,40,GID_1179,0.003381178,0.003672508,0.008343441,0.004313525,0.001443385,GID_1179,UNL,United States of America (the),Fremont Lake #01,41.45017,-96.5606,7/30/2008,10.9,5.18,1.57,,Fremont Lake #01_2008_07,1.4731285572052002
41,41,GID_118,0.001322982,0.001685259,0.002832881,0.002590206,0.000829853,GID_118,UT-TO,Estonia,Lake Peipsi,58.23071,27.48658,8/8/2017,,16.4,0.7,3.592033,Lake Peipsi_2017_08,1.486395239830017
42,42,GID_1180,0.003230728,0.00380823,0.009088745,0.00565035,0.001412284,GID_1180,UNL,United States of America (the),Fremont Lake #02,41.4498,-96.56363,7/30/2008,15.5,6.8,1.15,,Fremont Lake #02_2008_07,0.7150442004203796
43,43,GID_1181,0.002145821,0.002807944,0.008050669,0.00513731,0.000942777,GID_1181,UNL,United States of America (the),Fremont Lake #03,41.45073,-96.5695,7/30/2008,19.7,11.2,0.93,,Fremont Lake #03_2008_07,0.3236654996871948
44,44,GID_1182,0.002373797,0.003031089,0.006757047,0.003404838,0.000891973,GID_1182,UNL,United States of America (the),Fremont Lake #04,41.45053,-96.57692,7/30/2008,18.8,6.25,1.38,,Fremont Lake #04_2008_07,1.5657931566238403
45,45,GID_1183,0.002481624,0.003184253,0.008249282,0.004333092,0.000917248,GID_1183,UNL,United States of America (the),Fremont Lake #05,41.44907,-96.5709,7/30/2008,27.4,7.75,0.98,,Fremont Lake #05_2008_07,1.0994981527328491
46,46,GID_1184,0.001830343,0.002432018,0.005544858,0.00328962,0.000790707,GID_1184,UNL,United States of America (the),Fremont Lake #16,41.44202,-96.55752,7/30/2008,14.5,7.2,1.27,,Fremont Lake #16_2008_07,1.1743829250335693
47,47,GID_1185,0.002677051,0.003726281,0.01107364,0.007463537,0.001367442,GID_1185,UNL,United States of America (the),Fremont Lake #17,41.4394,-96.54592,7/30/2008,27.4,14.0,0.7,,Fremont Lake #17_2008_07,0.27877670526504517
48,48,GID_1186,0.002135972,0.002612895,0.005970954,0.002907218,0.00071699,GID_1186,UNL,United States of America (the),Fremont Lake #18,41.43837,-96.54097,7/30/2008,8.55,3.73,1.94,,Fremont Lake #18_2008_07,1.7080762386322021
49,49,GID_1187,0.001369329,0.001879128,0.005704377,0.003602702,0.000774244,GID_1187,UNL,United States of America (the),Fremont Lake #07,41.44992,-96.57977,7/30/2008,28.4,12.0,0.68,,Fremont Lake #07_2008_07,0.3718162477016449
50,50,GID_1188,0.001157042,0.001664493,0.00386505,0.002642902,0.00077259,GID_1188,UNL,United States of America (the),Ogallala Lake,41.23057,-101.6653,8/2/2008,37.4,7.25,0.7,,Ogallala Lake_2008_08,1.1827843189239502
51,51,GID_1189,0.001252051,0.001963033,0.00403954,0.002752253,0.000448056,GID_1189,UNL,United States of America (the),Ogallala Lake,41.22242,-101.6644,8/2/2008,35.9,6.0,0.96,,Ogallala Lake_2008_08,1.4164812564849854
52,52,GID_119,0.001477184,0.002347364,0.005278236,0.004845935,0.001090263,GID_119,UT-TO,Estonia,Lake Peipsi,58.33067,27.47902,8/8/2017,,17.5,0.7,3.453878,Lake Peipsi_2017_08,1.0206127166748047
53,53,GID_1190,0.007361709,0.01024503,0.01466678,0.008831909,0.001546421,GID_1190,UNL,United States of America (the),Ogallala Lake,41.21189,-101.666,8/2/2008,4.56,7.33,0.98,,Ogallala Lake_2008_08,1.4201734066009521
54,54,GID_1191,0.007779762,0.01091566,0.01605719,0.008821608,0.00165644,GID_1191,UNL,United States of America (the),Ogallala Lake,41.21344,-101.663,8/2/2008,4.82,7.78,0.66,,Ogallala Lake_2008_08,1.1626336574554443
55,55,GID_1192,0.005684778,0.00774767,0.01133138,0.006824764,0.002130829,GID_1192,UNL,United States of America (the),Ogallala Lake,41.21615,-101.6545,8/2/2008,4.75,9.11,1.04,,Ogallala Lake_2008_08,1.83925199508667
56,56,GID_1193,0.00426047,0.006148464,0.009919564,0.005565965,0.000982862,GID_1193,UNL,United States of America (the),Ogallala Lake,41.21357,-101.6381,8/2/2008,3.63,5.0,1.24,,Ogallala Lake_2008_08,1.876905918121338
57,57,GID_1194,0.004253687,0.006223268,0.01044625,0.005733536,0.000903097,GID_1194,UNL,United States of America (the),Ogallala Lake,41.21129,-101.6396,8/2/2008,6.14,6.0,1.06,,Ogallala Lake_2008_08,1.8068327903747559
58,58,GID_1195,0.001291432,0.001906687,0.004496686,0.002480571,0.000357921,GID_1195,UNL,United States of America (the),Fremont Lake #01,41.45017,-96.5606,8/13/2008,12.5,6.0,1.21,0.6224175,Fremont Lake #01_2008_08,1.4898829460144043
59,59,GID_1196,0.001932198,0.002984886,0.007277359,0.004230768,0.000495162,GID_1196,UNL,United States of America (the),Fremont Lake #02,41.4498,-96.56363,8/13/2008,18.3,5.67,1.19,0.6509384,Fremont Lake #02_2008_08,0.9383801221847534
60,60,GID_1197,0.001621126,0.002249941,0.006499085,0.004365313,0.000672083,GID_1197,UNL,United States of America (the),Fremont Lake #03,41.45073,-96.5695,8/13/2008,33.0,10.0,0.7,0.9413403,Fremont Lake #03_2008_08,0.36475473642349243
61,61,GID_1198,0.001532885,0.002498017,0.008192683,0.004157102,0.001294302,GID_1198,UNL,United States of America (the),Fremont Lake #05,41.44907,-96.5709,8/13/2008,120.0,14.0,0.6,1.114421,Fremont Lake #05_2008_08,0.3002256751060486
62,62,GID_1199,0.00099162,0.001482812,0.004149603,0.00202895,0.000349413,GID_1199,UNL,United States of America (the),Fremont Lake #04,41.45053,-96.57692,8/13/2008,32.4,6.67,1.3,1.008301,Fremont Lake #04_2008_08,1.446021556854248
63,63,GID_12,0.001355581,0.001886768,0.003633707,0.003029635,0.000538844,GID_12,UT-TO,Estonia,Lake Peipsi,58.52217,27.40825,7/9/2013,,5.33,1.6,2.394688,Lake Peipsi_2013_07,1.4042423963546753
64,64,GID_120,0.001401381,0.002020786,0.003985995,0.003222769,0.000543679,GID_120,UT-TO,Estonia,Lake Peipsi,58.38316,27.4303,8/8/2017,,7.67,1.2,1.934171,Lake Peipsi_2017_08,1.3735709190368652
65,65,GID_1200,0.001537095,0.00237136,0.006257089,0.0038934,0.000706896,GID_1200,UNL,United States of America (the),Fremont Lake #16,41.44202,-96.55752,8/13/2008,45.1,8.89,0.77,0.6963032,Fremont Lake #16_2008_08,0.6469769477844238
66,66,GID_1201,0.001897688,0.002868221,0.008738402,0.005586718,0.000731933,GID_1201,UNL,United States of America (the),Fremont Lake #17,41.4394,-96.54592,8/13/2008,28.9,8.44,0.57,0.929019,Fremont Lake #17_2008_08,0.29293277859687805
67,67,GID_1202,0.001928487,0.002777133,0.006400908,0.003181082,0.000485617,GID_1202,UNL,United States of America (the),Fremont Lake #18,41.43837,-96.54097,8/13/2008,14.5,4.0,1.4,0.55225,Fremont Lake #18_2008_08,1.5320210456848145
68,68,GID_1203,0.001215737,0.001949919,0.004602368,0.002791763,0.000447599,GID_1203,UNL,United States of America (the),Fremont Lake #01,41.45017,-96.5606,8/27/2008,24.4,6.4,0.99,0.6136769,Fremont Lake #01_2008_08,1.204209327697754
69,69,GID_1204,0.001406983,0.002376734,0.005807687,0.00417885,0.000607589,GID_1204,UNL,United States of America (the),Fremont Lake #02,41.4498,-96.56363,8/27/2008,23.2,6.8,0.86,0.6462134,Fremont Lake #02_2008_08,0.8883206844329834
70,70,GID_1205,0.000907462,0.001445665,0.003910529,0.0032349,0.000508664,GID_1205,UNL,United States of America (the),Fremont Lake #03,41.45073,-96.5695,8/27/2008,30.1,7.67,0.76,0.8923202,Fremont Lake #03_2008_08,0.8358436822891235
71,71,GID_1206,0.00094397,0.001580678,0.004526381,0.002539217,0.00049439,GID_1206,UNL,United States of America (the),Fremont Lake #04,41.45053,-96.57692,8/27/2008,47.1,7.43,0.98,0.9332864,Fremont Lake #04_2008_08,0.8592841625213623
72,72,GID_1207,0.001518935,0.00244557,0.007067385,0.004434882,0.000779276,GID_1207,UNL,United States of America (the),Fremont Lake #05,41.44907,-96.5709,8/27/2008,53.1,10.0,0.63,0.9822307,Fremont Lake #05_2008_08,0.3340437114238739
73,73,GID_1208,0.001284881,0.002189849,0.00582988,0.004037364,0.000797719,GID_1208,UNL,United States of America (the),Fremont Lake #16,41.44202,-96.55752,8/27/2008,53.7,12.4,0.69,0.7918924,Fremont Lake #16_2008_08,0.5084534883499146
74,74,GID_1209,0.000879746,0.001462246,0.003860805,0.002933378,0.000449539,GID_1209,UNL,United States of America (the),Fremont Lake #17,41.4394,-96.54592,8/27/2008,28.6,8.89,0.93,0.8853915,Fremont Lake #17_2008_08,0.9373753666877747
75,75,GID_121,0.001485058,0.002357739,0.004926599,0.003996889,0.000698156,GID_121,UT-TO,Estonia,Lake Peipsi,58.45281,27.43431,8/8/2017,,8.0,1.1,1.980223,Lake Peipsi_2017_08,1.2272495031356812
76,76,GID_1210,0.00130608,0.00186413,0.005200442,0.002805701,0.000366262,GID_1210,UNL,United States of America (the),Fremont Lake #20,41.43662,-96.54927,8/27/2008,27.8,6.57,0.94,0.4568636,Fremont Lake #20_2008_08,1.0630011558532715
77,77,GID_1211,0.000673854,0.001121762,0.003007132,0.002139072,0.000525877,GID_1211,UNL,United States of America (the),Fremont Lake #07,41.44992,-96.57977,8/27/2008,62.1,11.2,0.73,1.054361,Fremont Lake #07_2008_08,1.1973289251327515
78,78,GID_1212,0.001443919,0.002121665,0.003563763,0.001950517,0.000273659,GID_1212,UNL,United States of America (the),Fremont Lake #01,41.45017,-96.5606,9/19/2008,12.6,2.44,2.0,0.6429708,Fremont Lake #01_2008_09,3.2699670791625977
79,79,GID_1213,0.002358096,0.003954396,0.009633691,0.005991514,0.000988104,GID_1213,UNL,United States of America (the),Fremont Lake #02,41.4498,-96.56363,9/19/2008,39.2,6.0,0.89,0.6447247,Fremont Lake #02_2008_09,0.511564314365387
80,80,GID_1214,0.001538468,0.00224282,0.003787672,0.00245066,0.000339171,GID_1214,UNL,United States of America (the),Fremont Lake #03,41.45073,-96.5695,9/19/2008,30.4,2.92,1.57,1.15658,Fremont Lake #03_2008_09,2.4416399002075195
81,81,GID_1215,0.00089906,0.001324044,0.002829072,0.001857422,0.000297569,GID_1215,UNL,United States of America (the),Fremont Lake #04,41.45053,-96.57692,9/19/2008,30.0,4.67,1.09,0.9100849,Fremont Lake #04_2008_09,1.8655762672424316
82,82,GID_1216,0.001964046,0.002917912,0.007478239,0.004643105,0.000978753,GID_1216,UNL,United States of America (the),Fremont Lake #05,41.44907,-96.5709,9/19/2008,79.6,9.0,0.61,1.048348,Fremont Lake #05_2008_09,0.795653223991394
83,83,GID_1217,0.002120219,0.003574351,0.01091723,0.006434032,0.000884886,GID_1217,UNL,United States of America (the),Fremont Lake #16,41.44202,-96.55752,9/19/2008,36.4,10.7,0.66,0.7298973,Fremont Lake #16_2008_09,0.24573585391044617
84,84,GID_1218,0.00132399,0.002124404,0.004985076,0.003270476,0.000526848,GID_1218,UNL,United States of America (the),Fremont Lake #17,41.4394,-96.54592,9/19/2008,37.7,5.67,0.92,0.9343076,Fremont Lake #17_2008_09,1.0345263481140137
85,85,GID_1219,0.001425156,0.002046349,0.00489768,0.002238063,0.000274614,GID_1219,UNL,United States of America (the),Fremont Lake #20,41.43662,-96.54927,9/19/2008,16.9,3.08,1.45,0.4552651,Fremont Lake #20_2008_09,2.2463178634643555
86,86,GID_122,0.001222472,0.001651311,0.003121571,0.002326587,0.000408661,GID_122,UT-TO,Estonia,Lake Peipsi,58.44528,27.2893,8/8/2017,,0.9,1.2,1.980223,Lake Peipsi_2017_08,1.7361968755722046
87,87,GID_1220,0.001187243,0.002022267,0.005524657,0.003267219,0.000615144,GID_1220,UNL,United States of America (the),Fremont Lake #07,41.44992,-96.57977,9/19/2008,50.4,9.33,0.65,1.263766,Fremont Lake #07_2008_09,0.6948812007904053
88,88,GID_1221,0.001637006,0.00238496,0.004015393,0.001931247,0.000260206,GID_1221,UNL,United States of America (the),Fremont Lake #01,41.45017,-96.5606,9/26/2008,9.81,1.83,3.22,0.6217581,Fremont Lake #01_2008_09,3.4053826332092285
89,89,GID_1222,0.002697378,0.004736461,0.01408816,0.008740685,0.001365104,GID_1222,UNL,United States of America (the),Fremont Lake #02,41.4498,-96.56363,9/26/2008,47.0,12.0,0.67,0.6206815,Fremont Lake #02_2008_09,0.3000205457210541
90,90,GID_1223,0.001792324,0.002558219,0.00420509,0.002453783,0.000262343,GID_1223,UNL,United States of America (the),Fremont Lake #03,41.45073,-96.5695,9/26/2008,11.9,2.77,2.65,1.206073,Fremont Lake #03_2008_09,2.8495125770568848
91,91,GID_1224,0.000971153,0.001522899,0.003738257,0.002496143,0.000414714,GID_1224,UNL,United States of America (the),Fremont Lake #04,41.45053,-96.57692,9/26/2008,35.9,6.67,0.96,0.8798823,Fremont Lake #04_2008_09,1.1430124044418335
92,92,GID_1225,0.002547394,0.004030709,0.01122466,0.006260868,0.001206708,GID_1225,UNL,United States of America (the),Fremont Lake #05,41.44907,-96.5709,9/26/2008,79.5,13.7,0.7,0.9232898,Fremont Lake #05_2008_09,0.2613755166530609
93,93,GID_1226,0.00221372,0.003555323,0.01039151,0.006291594,0.000840428,GID_1226,UNL,United States of America (the),Fremont Lake #16,41.44202,-96.55752,9/26/2008,36.0,12.5,0.82,0.7553826,Fremont Lake #16_2008_09,0.24606458842754364
94,94,GID_1227,0.001579024,0.002547011,0.006389697,0.003787981,0.00065474,GID_1227,UNL,United States of America (the),Fremont Lake #17,41.4394,-96.54592,9/26/2008,41.8,7.67,0.86,0.9896292,Fremont Lake #17_2008_09,0.9224406480789185
95,95,GID_1228,0.001413904,0.00198673,0.005049212,0.002490343,0.000323858,GID_1228,UNL,United States of America (the),Fremont Lake #20,41.43663,-96.54925,9/26/2008,26.3,5.5,1.38,0.4668423,Fremont Lake #20_2008_09,1.5101433992385864
96,96,GID_1229,0.001473389,0.002388201,0.006080268,0.003499475,0.000623169,GID_1229,UNL,United States of America (the),Fremont Lake #07,41.44992,-96.57977,9/26/2008,40.4,7.75,0.96,1.182434,Fremont Lake #07_2008_09,0.9793956279754639
97,97,GID_123,0.001085618,0.001910905,0.004285242,0.003307043,0.000405287,GID_123,UT-TO,Estonia,Lake Peipsi,58.58901,27.43329,8/8/2017,,6.0,1.3,1.796016,Lake Peipsi_2017_08,1.1586695909500122
98,98,GID_1230,0.002306113,0.003365284,0.006212746,0.003369441,0.000477239,GID_1230,UNL,United States of America (the),Fremont Lake #01,41.45017,-96.5606,10/9/2008,25.1,5.4,1.63,0.6137948,Fremont Lake #01_2008_10,2.0242419242858887
99,99,GID_1231,0.001108656,0.001868445,0.004622613,0.004494862,0.001390231,GID_1231,UNL,United States of America (the),Fremont Lake #02,41.4498,-96.56363,10/9/2008,39.9,9.5,0.51,0.5683498,Fremont Lake #02_2008_10,0.8113921880722046
100,100,GID_1232,0.002823191,0.004089948,0.007447545,0.004966682,0.000623524,GID_1232,UNL,United States of America (the),Fremont Lake #03,41.45073,-96.5695,10/9/2008,23.2,5.5,1.25,0.9791065,Fremont Lake #03_2008_10,1.2762348651885986
101,101,GID_1233,0.000669063,0.000991317,0.002190659,0.001922254,0.000547724,GID_1233,UNL,United States of America (the),Fremont Lake #04,41.45053,-96.57692,10/9/2008,67.6,6.33,0.8,0.9853224,Fremont Lake #04_2008_10,1.2805966138839722
102,102,GID_1234,0.001244461,0.001918422,0.004078075,0.003238143,0.000734439,GID_1234,UNL,United States of America (the),Fremont Lake #05,41.44907,-96.5709,10/9/2008,41.1,6.0,0.77,0.8720463,Fremont Lake #05_2008_10,1.2329765558242798
103,103,GID_1235,0.001940378,0.003267513,0.008415239,0.005727339,0.000990307,GID_1235,UNL,United States of America (the),Fremont Lake #16,41.44202,-96.55752,10/9/2008,37.9,11.3,0.66,0.6920676,Fremont Lake #16_2008_10,0.5442225933074951
104,104,GID_1236,0.000739135,0.001161618,0.00263477,0.002520856,0.000741432,GID_1236,UNL,United States of America (the),Fremont Lake #17,41.4394,-96.54592,10/9/2008,46.2,8.33,0.67,0.8502064,Fremont Lake #17_2008_10,1.1201679706573486
105,105,GID_1237,0.001271695,0.001910062,0.004757634,0.002309439,0.000350945,GID_1237,UNL,United States of America (the),Fremont Lake #20,41.43663,-96.54925,10/9/2008,34.6,5.78,1.05,0.5241344,Fremont Lake #20_2008_10,1.6758440732955933
106,106,GID_1238,0.000964495,0.001601372,0.004027865,0.002612467,0.00072623,GID_1238,UNL,United States of America (the),Fremont Lake #07,41.44992,-96.57977,10/9/2008,68.7,8.2,0.79,1.368496,Fremont Lake #07_2008_10,1.0878700017929077
107,107,GID_1239,0.001793793,0.002580805,0.004408922,0.002206777,0.000318615,GID_1239,UNL,United States of America (the),Fremont Lake #01,41.45017,-96.5606,10/24/2008,10.9,3.04,2.36,0.6570811,Fremont Lake #01_2008_10,3.1109731197357178
108,108,GID_124,0.00156372,0.00247049,0.004996946,0.003950829,0.001032558,GID_124,UT-TO,Estonia,Lake Peipsi,58.77938,27.33283,8/8/2017,,7.25,1.4,1.796016,Lake Peipsi_2017_08,1.2872474193572998
109,109,GID_1240,0.001005045,0.001536517,0.003111385,0.002481942,0.000533544,GID_1240,UNL,United States of America (the),Fremont Lake #02,41.4498,-96.56363,10/24/2008,20.6,6.0,1.16,0.5357386,Fremont Lake #02_2008_10,1.391770839691162
110,110,GID_1241,0.001127153,0.001554565,0.003019058,0.00190379,0.000523793,GID_1241,UNL,United States of America (the),Fremont Lake #03,41.45073,-96.5695,10/24/2008,132.0,11.7,0.97,1.177228,Fremont Lake #03_2008_10,2.4474868774414062
111,111,GID_1242,0.000684294,0.000934593,0.001352037,0.000918791,0.000214411,GID_1242,UNL,United States of America (the),Fremont Lake #04,41.45053,-96.57692,10/24/2008,34.8,3.57,2.38,1.063286,Fremont Lake #04_2008_10,4.03525972366333
112,112,GID_1243,0.00212645,0.003656303,0.007433442,0.004382851,0.001403105,GID_1243,UNL,United States of America (the),Fremont Lake #05,41.44907,-96.5709,10/24/2008,80.2,9.68,0.61,0.9024804,Fremont Lake #05_2008_10,1.4201478958129883
113,113,GID_1244,0.001036964,0.001729885,0.003924937,0.002509468,0.000552826,GID_1244,UNL,United States of America (the),Fremont Lake #07,41.44992,-96.57977,10/24/2008,27.8,7.6,0.96,1.186862,Fremont Lake #07_2008_10,1.3421087265014648
114,114,GID_1245,0.001393602,0.00226708,0.005461752,0.003662327,0.000627274,GID_1245,UNL,United States of America (the),Fremont Lake #16,41.44202,-96.55752,10/24/2008,29.0,10.7,0.82,0.7171952,Fremont Lake #16_2008_10,0.9559387564659119
115,115,GID_1246,0.000668809,0.001034699,0.002121717,0.002084353,0.000600603,GID_1246,UNL,United States of America (the),Fremont Lake #17,41.4394,-96.54592,10/24/2008,49.7,9.33,0.72,0.8309022,Fremont Lake #17_2008_10,1.1946861743927002
116,116,GID_1247,0.001203922,0.001771421,0.003781392,0.00205771,0.00033455,GID_1247,UNL,United States of America (the),Fremont Lake #20,41.43663,-96.54925,10/24/2008,33.5,6.5,1.06,0.7171952,Fremont Lake #20_2008_10,2.3094735145568848
117,117,GID_1248,0.00170375,0.002506245,0.003703073,0.001438958,0.000189641,GID_1248,UNL,United States of America (the),Fremont Lake #01,41.45017,-96.5606,11/19/2008,4.42,1.78,4.2,0.698621,Fremont Lake #01_2008_11,4.172147750854492
118,118,GID_1249,0.002223731,0.00306663,0.005388704,0.002266056,0.000449134,GID_1249,UNL,United States of America (the),Fremont Lake #02,41.4498,-96.56363,11/19/2008,19.1,3.83,2.01,0.6914782,Fremont Lake #02_2008_11,3.1885838508605957
119,119,GID_125,0.000958019,0.001688859,0.003686555,0.002953426,0.000556751,GID_125,UT-TO,Estonia,Lake Peipsi,58.92213,27.23186,8/8/2017,,5.0,1.3,1.842068,Lake Peipsi_2017_08,1.2312018871307373
120,120,GID_1250,0.001208046,0.001601613,0.003317517,0.002072775,0.000739812,GID_1250,UNL,United States of America (the),Fremont Lake #03,41.45073,-96.5695,11/19/2008,201.0,11.7,0.98,1.450859,Fremont Lake #03_2008_11,1.959036946296692
121,121,GID_1251,0.002275674,0.003143057,0.004359879,0.002193176,0.000378181,GID_1251,UNL,United States of America (the),Fremont Lake #04,41.45053,-96.57692,11/19/2008,2.27,1.19,3.9,1.345894,Fremont Lake #04_2008_11,3.617351770401001
122,122,GID_1252,0.003073601,0.004943666,0.0100303,0.005707521,0.00138991,GID_1252,UNL,United States of America (the),Fremont Lake #05,41.44907,-96.5709,11/19/2008,81.2,9.33,0.75,0.9586667,Fremont Lake #05_2008_11,1.2860444784164429
123,123,GID_1253,0.001008899,0.001626524,0.004286671,0.002653561,0.000576186,GID_1253,UNL,United States of America (the),Fremont Lake #07,41.44992,-96.57977,11/19/2008,58.1,9.67,1.28,1.279435,Fremont Lake #07_2008_11,1.051299810409546
124,124,GID_1254,0.00139701,0.002037638,0.004052132,0.002453302,0.000365502,GID_1254,UNL,United States of America (the),Fremont Lake #16,41.44202,-96.55752,11/19/2008,13.3,3.78,1.71,0.8968391,Fremont Lake #16_2008_11,1.9303680658340454
125,125,GID_1255,0.000943162,0.001441558,0.00305207,0.002186366,0.000405818,GID_1255,UNL,United States of America (the),Fremont Lake #17,41.4394,-96.54592,11/19/2008,25.2,4.31,1.19,0.9175837,Fremont Lake #17_2008_11,1.511017918586731
126,126,GID_1256,0.001331588,0.001976259,0.004048004,0.002155135,0.000335252,GID_1256,UNL,United States of America (the),Fremont Lake #20,41.43663,-96.54925,11/19/2008,31.3,3.78,1.49,0.5775842,Fremont Lake #20_2008_11,2.440711498260498
127,127,GID_1257,0.001558596,0.002336368,0.004039714,0.001585058,0.000234029,GID_1257,UNL,United States of America (the),Fremont Lake #20,41.43663,-96.54925,4/20/2009,12.6,3.56,2.41,0.4018658,Fremont Lake #20_2009_04,3.7637627124786377
128,128,GID_1258,0.001289901,0.002143948,0.00431519,0.002767658,0.0004064,GID_1258,UNL,United States of America (the),Fremont Lake #17,41.4394,-96.54592,4/20/2009,18.5,8.53,1.13,0.7263778,Fremont Lake #17_2009_04,1.5712916851043701
129,129,GID_1259,0.001202682,0.001873485,0.003938905,0.002606532,0.000337676,GID_1259,UNL,United States of America (the),Fremont Lake #16,41.44202,-96.55752,4/20/2009,11.5,6.15,1.12,0.5247871,Fremont Lake #16_2009_04,1.4541844129562378
130,130,GID_126,0.001946583,0.002922895,0.005295512,0.004652149,0.002237163,GID_126,UT-TO,Estonia,Lake Peipsi,58.82562,27.1057,8/8/2017,,6.0,1.3,1.934171,Lake Peipsi_2017_08,1.3318233489990234
131,131,GID_1260,0.001423563,0.002079858,0.003325343,0.001560177,0.000193394,GID_1260,UNL,United States of America (the),Fremont Lake #01,41.45017,-96.5606,4/20/2009,8.89,3.72,1.39,0.4808163,Fremont Lake #01_2009_04,3.9079205989837646
132,132,GID_1261,0.001525316,0.00215672,0.003619088,0.001673782,0.000252209,GID_1261,UNL,United States of America (the),Fremont Lake #02,41.4498,-96.56363,4/20/2009,14.9,4.5,1.86,0.5584567,Fremont Lake #02_2009_04,3.698911190032959
133,133,GID_1262,0.000649644,0.000881855,0.001975876,0.001156929,0.000394077,GID_1262,UNL,United States of America (the),Fremont Lake #03,41.45073,-96.5695,4/20/2009,196.0,15.1,0.84,1.348919,Fremont Lake #03_2009_04,2.7514278888702393
134,134,GID_1263,0.001641487,0.002607086,0.005085446,0.002775358,0.000385972,GID_1263,UNL,United States of America (the),Fremont Lake #04,41.45053,-96.57692,4/20/2009,35.8,9.6,0.99,1.173835,Fremont Lake #04_2009_04,2.07310152053833
135,135,GID_1264,0.000835878,0.001341093,0.003295552,0.002407127,0.000472979,GID_1264,UNL,United States of America (the),Fremont Lake #05,41.44907,-96.5709,4/20/2009,49.0,11.8,0.69,0.7552077,Fremont Lake #05_2009_04,1.1637078523635864
136,136,GID_1265,0.001081652,0.001777335,0.003644179,0.002246396,0.000269378,GID_1265,UNL,United States of America (the),Fremont Lake #07,41.44992,-96.57977,4/20/2009,8.34,6.0,1.11,0.7216514,Fremont Lake #07_2009_04,1.856909155845642
137,137,GID_1266,0.002264886,0.003510915,0.007302144,0.003061224,0.000356569,GID_1266,UNL,United States of America (the),Fremont Lake #20,41.43663,-96.54925,5/4/2009,10.2,5.68,1.46,0.4642409,Fremont Lake #20_2009_05,2.151686191558838
138,138,GID_1267,0.001584964,0.002362866,0.003814664,0.00204618,0.000265762,GID_1267,UNL,United States of America (the),Fremont Lake #17,41.4394,-96.54592,5/4/2009,6.31,1.33,3.0,0.7690557,Fremont Lake #17_2009_05,3.309908390045166
139,139,GID_1268,0.00150616,0.002424684,0.005282318,0.003315528,0.00034988,GID_1268,UNL,United States of America (the),Fremont Lake #16,41.44202,-96.55752,5/4/2009,10.2,4.75,1.22,0.5611717,Fremont Lake #16_2009_05,1.2566847801208496
140,140,GID_1269,0.001909902,0.002637582,0.004012973,0.001724049,0.000220124,GID_1269,UNL,United States of America (the),Fremont Lake #01,41.45017,-96.5606,5/4/2009,7.19,2.09,2.83,0.5509989,Fremont Lake #01_2009_05,3.83246111869812
141,141,GID_1270,0.001742974,0.002571473,0.004327734,0.002245195,0.000315025,GID_1270,UNL,United States of America (the),Fremont Lake #02,41.4498,-96.56363,5/4/2009,4.76,1.95,2.24,0.5141466,Fremont Lake #02_2009_05,3.091583728790283
142,142,GID_1271,0.001052468,0.001595795,0.002839556,0.002038459,0.000286063,GID_1271,UNL,United States of America (the),Fremont Lake #03,41.45073,-96.5695,5/4/2009,6.77,1.4,1.85,1.152076,Fremont Lake #03_2009_05,2.2671046257019043
143,143,GID_1272,0.001629211,0.002265244,0.003500775,0.001615303,0.000183051,GID_1272,UNL,United States of America (the),Fremont Lake #04,41.45053,-96.57692,5/4/2009,4.05,1.32,3.21,0.8570007,Fremont Lake #04_2009_05,3.895636558532715
144,144,GID_1273,0.001543594,0.002318265,0.004911362,0.003240097,0.000587816,GID_1273,UNL,United States of America (the),Fremont Lake #05,41.44907,-96.5709,5/4/2009,49.7,8.0,0.98,0.8216337,Fremont Lake #05_2009_05,1.2781654596328735
145,145,GID_1274,0.001607637,0.002531427,0.004955919,0.003065539,0.000409436,GID_1274,UNL,United States of America (the),Fremont Lake #07,41.44992,-96.57977,5/4/2009,12.8,3.5,1.29,0.8341377,Fremont Lake #07_2009_05,1.648579478263855
146,146,GID_1275,0.001442969,0.002124912,0.003645967,0.0013361,0.000142443,GID_1275,UNL,United States of America (the),Fremont Lake #20,41.43663,-96.54925,5/21/2009,5.49,2.22,2.75,0.4551394,Fremont Lake #20_2009_05,4.073661804199219
147,147,GID_1276,0.001783463,0.002596396,0.005118427,0.002712219,0.000337157,GID_1276,UNL,United States of America (the),Fremont Lake #17,41.4394,-96.54592,5/21/2009,15.1,2.4,1.69,0.7630012,Fremont Lake #17_2009_05,2.1151950359344482
148,148,GID_1277,0.001122041,0.001762586,0.003828586,0.002601063,0.000251139,GID_1277,UNL,United States of America (the),Fremont Lake #16,41.44202,-96.55752,5/21/2009,9.05,4.67,1.02,0.5929411,Fremont Lake #16_2009_05,1.339440107345581
149,149,GID_1278,0.001698467,0.002312355,0.003481015,0.001519143,0.000147767,GID_1278,UNL,United States of America (the),Fremont Lake #01,41.45017,-96.5606,5/21/2009,3.97,1.87,3.25,0.517986,Fremont Lake #01_2009_05,4.058960914611816
150,150,GID_1279,0.002154422,0.003090629,0.006582706,0.003076799,0.000376929,GID_1279,UNL,United States of America (the),Fremont Lake #02,41.4498,-96.56363,5/21/2009,14.7,2.97,1.86,0.5564055,Fremont Lake #02_2009_05,1.92757248878479
151,151,GID_1280,0.000742221,0.001193874,0.002429149,0.001624201,0.000206697,GID_1280,UNL,United States of America (the),Fremont Lake #03,41.45073,-96.5695,5/21/2009,10.5,2.53,1.8,0.8848759,Fremont Lake #03_2009_05,2.253535747528076
152,152,GID_1281,0.001119237,0.001540227,0.002415444,0.001066107,0.00011924,GID_1281,UNL,United States of America (the),Fremont Lake #04,41.45053,-96.57692,5/21/2009,9.78,1.65,3.32,0.9336732,Fremont Lake #04_2009_05,4.779689788818359
153,153,GID_1282,0.002095636,0.00335134,0.008599863,0.005176218,0.000687456,GID_1282,UNL,United States of America (the),Fremont Lake #05,41.44907,-96.5709,5/21/2009,36.0,8.44,0.74,0.690057,Fremont Lake #05_2009_05,0.5555181503295898
154,154,GID_1283,0.001045598,0.001658988,0.003443053,0.001762602,0.000190462,GID_1283,UNL,United States of America (the),Fremont Lake #07,41.44992,-96.57977,5/21/2009,6.8,2.88,1.57,0.7571279,Fremont Lake #07_2009_05,2.808206081390381
155,155,GID_1284,0.001360668,0.002071165,0.003211277,0.001482724,0.000176102,GID_1284,UNL,United States of America (the),Fremont Lake #20,41.43663,-96.54925,6/1/2009,4.11,3.6,2.22,0.462374,Fremont Lake #20_2009_06,4.050989151000977
156,156,GID_1285,0.001594859,0.002534012,0.006541483,0.003765413,0.000613434,GID_1285,UNL,United States of America (the),Fremont Lake #17,41.4394,-96.54592,6/1/2009,36.9,7.68,0.9,0.9075401,Fremont Lake #17_2009_06,0.9302983283996582
157,157,GID_1286,0.000965081,0.00149939,0.003224509,0.002297378,0.000315049,GID_1286,UNL,United States of America (the),Fremont Lake #16,41.44202,-96.55752,6/1/2009,14.9,6.44,1.09,0.6131628,Fremont Lake #16_2009_06,1.4282498359680176
158,158,GID_1287,0.001561517,0.002243906,0.003846596,0.001795537,0.000253316,GID_1287,UNL,United States of America (the),Fremont Lake #01,41.45017,-96.5606,6/1/2009,7.63,2.11,2.8,0.5283705,Fremont Lake #01_2009_06,3.5229716300964355
159,159,GID_1288,0.002292752,0.003359032,0.01058613,0.005735408,0.000955752,GID_1288,UNL,United States of America (the),Fremont Lake #02,41.4498,-96.56363,6/1/2009,52.3,7.83,0.8,0.5722631,Fremont Lake #02_2009_06,0.24561025202274323
160,160,GID_1289,0.001808891,0.002895929,0.007285595,0.004201132,0.000687437,GID_1289,UNL,United States of America (the),Fremont Lake #03,41.45073,-96.5695,6/1/2009,33.0,5.78,0.97,0.8539439,Fremont Lake #03_2009_06,0.9154089689254761
161,161,GID_1290,0.001083787,0.001467936,0.002278325,0.001298206,0.000190831,GID_1290,UNL,United States of America (the),Fremont Lake #04,41.45053,-96.57692,6/1/2009,12.1,1.6,2.15,1.176696,Fremont Lake #04_2009_06,4.086765289306641
162,162,GID_1291,0.00253658,0.004184893,0.01002929,0.005109621,0.001365333,GID_1291,UNL,United States of America (the),Fremont Lake #05,41.44907,-96.5709,6/1/2009,95.5,11.7,0.54,0.9002643,Fremont Lake #05_2009_06,1.3152329921722412
163,163,GID_1292,0.001284835,0.001976615,0.00435448,0.002368426,0.000355787,GID_1292,UNL,United States of America (the),Fremont Lake #07,41.44992,-96.57977,6/1/2009,21.0,5.5,1.18,0.8445069,Fremont Lake #07_2009_06,1.8332111835479736
164,164,GID_1293,0.001097336,0.001678723,0.002743077,0.001415043,0.000184969,GID_1293,UNL,United States of America (the),Fremont Lake #20,41.43663,-96.54925,6/15/2009,8.54,2.6,2.0,0.3529668,Fremont Lake #20_2009_06,4.067099571228027
165,165,GID_1294,0.001282548,0.002251788,0.006187887,0.003895863,0.000763654,GID_1294,UNL,United States of America (the),Victory Lake,41.43943,-96.5358,6/15/2009,53.0,15.1,0.62,0.4200742,Victory Lake_2009_06,0.4133901298046112
166,166,GID_1295,0.001296672,0.002067792,0.004855102,0.002843959,0.000420383,GID_1295,UNL,United States of America (the),Fremont Lake #17,41.4394,-96.54592,6/15/2009,22.6,4.93,1.12,0.6540535,Fremont Lake #17_2009_06,1.242527723312378
167,167,GID_1296,0.001002094,0.00156274,0.003733715,0.0024896,0.000335876,GID_1296,UNL,United States of America (the),Fremont Lake #16,41.44202,-96.55752,6/15/2009,21.3,7.67,0.9,0.4614086,Fremont Lake #16_2009_06,1.2027493715286255
168,168,GID_1297,0.001535089,0.002297068,0.004548025,0.001992201,0.000285583,GID_1297,UNL,United States of America (the),Fremont Lake #01,41.45017,-96.5606,6/15/2009,7.89,2.33,2.1,0.4452942,Fremont Lake #01_2009_06,2.928891658782959
169,169,GID_1298,0.001842112,0.002727364,0.005756472,0.002943993,0.000353312,GID_1298,UNL,United States of America (the),Fremont Lake #02,41.4498,-96.56363,6/15/2009,13.8,3.07,1.48,0.4749966,Fremont Lake #02_2009_06,1.8465163707733154
170,170,GID_1299,0.001748458,0.002612681,0.005885244,0.003166308,0.000382301,GID_1299,UNL,United States of America (the),Fremont Lake #03,41.45073,-96.5695,6/15/2009,16.1,3.83,1.38,0.6474756,Fremont Lake #03_2009_06,1.424146294593811
171,171,GID_13,0.001696924,0.002435028,0.004818552,0.004321396,0.000776755,GID_13,UT-TO,Estonia,Lake Peipsi,58.45684,27.44887,7/9/2013,,6.33,1.4,2.486792,Lake Peipsi_2013_07,1.2475779056549072
172,172,GID_130,0.001657943,0.001880883,0.002926347,0.001975985,0.000329922,GID_130,UT-TO,Estonia,Lake Ruusmae,57.63582,27.08536,8/30/2017,,4.25,2.0,2.532844,Lake Ruusmae_2017_08,3.0268983840942383
173,173,GID_1300,0.002380826,0.004146915,0.01143966,0.005595055,0.001775032,GID_1300,UNL,United States of America (the),Fremont Lake #05,41.44907,-96.5709,6/15/2009,102.0,18.1,0.45,1.040531,Fremont Lake #05_2009_06,0.9762736558914185
174,174,GID_1301,0.001177875,0.001883385,0.005484106,0.002773736,0.000516163,GID_1301,UNL,United States of America (the),Fremont Lake #07,41.44992,-96.57977,6/15/2009,34.4,11.0,0.75,0.6855221,Fremont Lake #07_2009_06,1.0850305557250977
175,175,GID_1302,0.00089987,0.001378611,0.003066141,0.001582661,0.000187638,GID_1302,UNL,United States of America (the),Fremont Lake #20,41.43663,-96.54925,7/6/2009,8.91,4.44,1.49,0.39519,Fremont Lake #20_2009_07,2.7086102962493896
176,176,GID_1303,0.001147216,0.001797274,0.004616598,0.002857938,0.000807128,GID_1303,UNL,United States of America (the),Victory Lake,41.43943,-96.5358,7/6/2009,83.2,16.2,0.5,0.5270412,Victory Lake_2009_07,1.0276066064834595
177,177,GID_1304,0.002062899,0.003188592,0.008492974,0.004731548,0.00060227,GID_1304,UNL,United States of America (the),Fremont Lake #17,41.4394,-96.54592,7/6/2009,28.4,7.0,0.86,0.7188305,Fremont Lake #17_2009_07,0.8361073136329651
178,178,GID_1305,0.001091658,0.001657246,0.004145979,0.002653175,0.000343983,GID_1305,UNL,United States of America (the),Fremont Lake #16,41.44202,-96.55752,7/6/2009,21.4,7.33,0.84,0.5223222,Fremont Lake #16_2009_07,1.0892871618270874
179,179,GID_1306,0.002415381,0.003687333,0.008329554,0.004384366,0.000519657,GID_1306,UNL,United States of America (the),Fremont Lake #01,41.45017,-96.5606,7/6/2009,15.2,6.0,1.31,0.4785213,Fremont Lake #01_2009_07,1.4519745111465454
180,180,GID_1307,0.002753236,0.004300832,0.01122496,0.006278143,0.000793852,GID_1307,UNL,United States of America (the),Fremont Lake #02,41.4498,-96.56363,7/6/2009,24.2,8.44,0.91,0.4661,Fremont Lake #02_2009_07,0.652004063129425
181,181,GID_1308,0.001549787,0.002317843,0.00571695,0.003029228,0.000429676,GID_1308,UNL,United States of America (the),Fremont Lake #03,41.45073,-96.5695,7/6/2009,27.5,7.11,0.91,0.8642524,Fremont Lake #03_2009_07,1.2608275413513184
182,182,GID_1309,0.00177185,0.003127385,0.007960925,0.004391911,0.00126896,GID_1309,UNL,United States of America (the),Fremont Lake #05,41.44907,-96.5709,7/6/2009,103.0,15.1,0.39,0.8390909,Fremont Lake #05_2009_07,1.0117220878601074
183,183,GID_131,0.001201609,0.001407811,0.002328975,0.002109591,0.000263126,GID_131,UT-TO,Estonia,Lake Raigastvere,58.5914,26.64911,5/3/2018,,4.8,1.6,4.05255,Lake Raigastvere_2018_05,1.569984793663025
184,184,GID_1310,0.001154646,0.001880749,0.005044962,0.002995218,0.000508033,GID_1310,UNL,United States of America (the),Fremont Lake #07,41.44992,-96.57977,7/6/2009,30.1,9.87,0.65,0.7423467,Fremont Lake #07_2009_07,0.7752032279968262
185,185,GID_1311,0.001024961,0.001568107,0.003083747,0.001793168,0.00025195,GID_1311,UNL,United States of America (the),Fremont Lake #20,41.43663,-96.54925,7/20/2009,7.39,2.25,1.66,0.4159934,Fremont Lake #20_2009_07,2.6845431327819824
186,186,GID_1312,0.001163903,0.002051563,0.006126346,0.003571821,0.001262962,GID_1312,UNL,United States of America (the),Victory Lake,41.43943,-96.5358,7/20/2009,129.0,22.9,0.43,0.6322955,Victory Lake_2009_07,0.3672817349433899
187,187,GID_1313,0.001552521,0.00238205,0.007245113,0.004299933,0.000498429,GID_1313,UNL,United States of America (the),Fremont Lake #17,41.4394,-96.54592,7/20/2009,23.7,5.83,0.81,0.800483,Fremont Lake #17_2009_07,0.3039340376853943
188,188,GID_1314,0.00103024,0.001650952,0.004289518,0.002977642,0.000393969,GID_1314,UNL,United States of America (the),Fremont Lake #16,41.44202,-96.55752,7/20/2009,28.1,8.0,0.85,0.6023932,Fremont Lake #16_2009_07,0.874056875705719
189,189,GID_1315,0.002811656,0.004282705,0.01114836,0.006029667,0.000770205,GID_1315,UNL,United States of America (the),Fremont Lake #01,41.45017,-96.5606,7/20/2009,23.0,8.67,0.92,0.4939853,Fremont Lake #01_2009_07,0.7349457144737244
190,190,GID_1316,0.001656845,0.002586192,0.007149254,0.004137609,0.000485279,GID_1316,UNL,United States of America (the),Fremont Lake #02,41.4498,-96.56363,7/20/2009,28.9,7.81,0.88,0.5524578,Fremont Lake #02_2009_07,0.5959708094596863
191,191,GID_1317,0.001422618,0.002187896,0.005062239,0.002997219,0.00040378,GID_1317,UNL,United States of America (the),Fremont Lake #03,41.45073,-96.5695,7/20/2009,27.8,6.53,1.0,0.9837629,Fremont Lake #03_2009_07,1.2222520112991333
192,192,GID_1318,0.00159804,0.002769956,0.007483121,0.004865433,0.001783287,GID_1318,UNL,United States of America (the),Fremont Lake #05,41.44907,-96.5709,7/20/2009,102.0,14.8,0.44,0.8642813,Fremont Lake #05_2009_07,0.5617524981498718
193,193,GID_1319,0.001359986,0.002386835,0.006787649,0.00466556,0.000818061,GID_1319,UNL,United States of America (the),Fremont Lake #07,41.44992,-96.57977,7/20/2009,42.0,12.3,0.64,0.8568243,Fremont Lake #07_2009_07,0.38000431656837463
194,194,GID_132,0.000841562,0.0012218,0.002575066,0.002412255,0.000322644,GID_132,UT-TO,Estonia,Lake Kaiavere,58.59589,26.68855,5/3/2018,,6.4,1.1,3.730188,Lake Kaiavere_2018_05,1.1953656673431396
195,195,GID_1320,0.001076395,0.002288418,0.007137359,0.004691391,0.001753989,GID_1320,UNL,United States of America (the),Branched Oak Lake,40.98313,-96.85313,8/18/2011,117.0,26.0,0.225,0.6705137,Branched Oak Lake_2011_08,0.30651533603668213
196,196,GID_1321,0.001412099,0.002769204,0.008185074,0.004393494,0.001794625,GID_1321,UNL,United States of America (the),Branched Oak Lake,40.97599,-96.85202,8/18/2011,117.0,28.7,0.32,0.6862722,Branched Oak Lake_2011_08,0.5660654306411743
197,197,GID_1322,0.001159395,0.002386238,0.00738017,0.00389806,0.001455887,GID_1322,UNL,United States of America (the),Branched Oak Lake,40.96697,-96.85889,8/18/2011,133.0,20.0,0.31,0.6176921,Branched Oak Lake_2011_08,0.3354284167289734
198,198,GID_1323,0.001319817,0.002591139,0.007469332,0.004660768,0.001251534,GID_1323,UNL,United States of America (the),Branched Oak Lake,40.96216,-96.87053,8/18/2011,87.8,20.0,0.34,0.6673506,Branched Oak Lake_2011_08,0.32576096057891846
199,199,GID_1324,0.001345006,0.002601897,0.007464584,0.004726562,0.001522874,GID_1324,UNL,United States of America (the),Branched Oak Lake,40.96142,-96.87796,8/18/2011,95.4,21.7,0.295,0.6452502,Branched Oak Lake_2011_08,0.3297802209854126
200,200,GID_1325,0.001145686,0.00231102,0.007445811,0.004544362,0.002634109,GID_1325,UNL,United States of America (the),Branched Oak Lake,40.96626,-96.88846,8/18/2011,146.0,30.0,0.225,0.7373417,Branched Oak Lake_2011_08,0.27872878313064575
201,201,GID_1326,0.001122472,0.002433578,0.008612965,0.004092713,0.00250575,GID_1326,UNL,United States of America (the),Branched Oak Lake,40.96914,-96.87637,8/18/2011,147.0,21.3,0.215,0.8234475,Branched Oak Lake_2011_08,0.29373905062675476
202,202,GID_1327,0.000960475,0.002231572,0.008101453,0.004238389,0.002035744,GID_1327,UNL,United States of America (the),Branched Oak Lake,40.97428,-96.87242,8/18/2011,150.0,30.7,0.265,0.7355337,Branched Oak Lake_2011_08,0.2616044878959656
203,203,GID_1328,0.001067688,0.002217302,0.006849263,0.004618037,0.002080458,GID_1328,UNL,United States of America (the),Branched Oak Lake,40.98652,-96.88284,8/18/2011,132.0,38.0,0.205,0.672341,Branched Oak Lake_2011_08,0.32205092906951904
204,204,GID_1329,0.001204142,0.002433678,0.007896371,0.004156551,0.00169757,GID_1329,UNL,United States of America (the),Branched Oak Lake,40.98439,-96.86225,8/18/2011,129.0,25.0,0.24,0.7556208,Branched Oak Lake_2011_08,0.29606688022613525
205,205,GID_133,0.00153403,0.001908497,0.003189213,0.002005807,0.000685023,GID_133,UT-TO,Estonia,Lake Saadjarv,58.52953,26.67507,5/3/2018,,1.14,3.0,1.243396,Lake Saadjarv_2018_05,2.91961669921875
206,206,GID_1330,0.002414061,0.004284213,0.01053339,0.005890425,0.001930726,GID_1330,UNL,United States of America (the),Branched Oak Lake,40.98237,-96.85338,8/31/2011,101.0,16.7,0.27,0.7144116,Branched Oak Lake_2011_08,0.7841084003448486
207,207,GID_1331,0.000807281,0.001768815,0.005501278,0.003182653,0.000721409,GID_1331,UNL,United States of America (the),Branched Oak Lake,40.97693,-96.85112,8/31/2011,84.4,13.3,0.325,0.6570547,Branched Oak Lake_2011_08,0.3986291289329529
208,208,GID_1332,0.000992675,0.002002661,0.005684551,0.003687307,0.000801632,GID_1332,UNL,United States of America (the),Branched Oak Lake,40.96713,-96.85747,8/31/2011,70.8,11.3,0.305,0.8251267,Branched Oak Lake_2011_08,0.4315798878669739
209,209,GID_1333,0.000870937,0.002001258,0.006997108,0.003769322,0.001241599,GID_1333,UNL,United States of America (the),Branched Oak Lake,40.96439,-96.86354,8/31/2011,121.0,20.0,0.275,0.7816469,Branched Oak Lake_2011_08,0.29247963428497314
210,210,GID_1334,0.001229857,0.002638315,0.008677658,0.004560557,0.001352332,GID_1334,UNL,United States of America (the),Branched Oak Lake,40.96098,-96.86824,8/31/2011,111.0,17.2,0.275,0.7059149,Branched Oak Lake_2011_08,0.2751104235649109
211,211,GID_1335,0.001462496,0.003049305,0.01001681,0.005306375,0.001929048,GID_1335,UNL,United States of America (the),Branched Oak Lake,40.96083,-96.87837,8/31/2011,123.0,18.8,0.255,0.7522691,Branched Oak Lake_2011_08,0.2720383107662201
212,212,GID_1336,0.001203462,0.002579699,0.008883045,0.00478446,0.001790469,GID_1336,UNL,United States of America (the),Branched Oak Lake,40.96559,-96.88969,8/31/2011,125.0,22.4,0.24,0.7609513,Branched Oak Lake_2011_08,0.258122980594635
213,213,GID_1337,0.000982307,0.00205935,0.006519238,0.003780475,0.00126019,GID_1337,UNL,United States of America (the),Branched Oak Lake,40.96877,-96.8771,8/31/2011,132.0,16.8,0.26,0.7105274,Branched Oak Lake_2011_08,0.3174406886100769
214,214,GID_1338,0.001039814,0.002128368,0.006589648,0.003738065,0.001264977,GID_1338,UNL,United States of America (the),Branched Oak Lake,40.96991,-96.87265,8/31/2011,152.0,14.0,0.31,0.8322005,Branched Oak Lake_2011_08,0.3312695026397705
215,215,GID_1339,0.001472769,0.003062808,0.01039102,0.005346245,0.001765247,GID_1339,UNL,United States of America (the),Branched Oak Lake,40.9738,-96.87233,8/31/2011,131.0,24.8,0.285,0.8110372,Branched Oak Lake_2011_08,0.27486854791641235
216,216,GID_134,0.001756742,0.00277569,0.00700012,0.006133336,0.000725884,GID_134,UT-TO,Lithuania,Curonian Lagoon,55.6558,21.1348,5/8/2018,,,0.9,,Curonian Lagoon_2018_05,0.8106245994567871
217,217,GID_1340,0.001284137,0.002640965,0.009260661,0.004596266,0.002042985,GID_1340,UNL,United States of America (the),Branched Oak Lake,40.98628,-96.88173,8/31/2011,160.0,24.4,0.235,0.8591914,Branched Oak Lake_2011_08,0.2723025381565094
218,218,GID_1341,0.001151097,0.002390372,0.007532462,0.004110408,0.001248376,GID_1341,UNL,United States of America (the),Branched Oak Lake,40.9803,-96.86454,8/31/2011,128.0,16.8,0.3,0.8530512,Branched Oak Lake_2011_08,0.304429829120636
219,219,GID_1342,0.001111012,0.002389559,0.008877351,0.00451368,0.001322209,GID_1342,UNL,United States of America (the),Branched Oak Lake,40.98408,-96.86123,8/31/2011,122.0,23.6,0.235,0.8549816,Branched Oak Lake_2011_08,0.2564678490161896
220,220,GID_1343,0.000875507,0.001830853,0.006411384,0.003497974,0.00109457,GID_1343,UNL,United States of America (the),Branched Oak Lake,40.97801,-96.85798,8/31/2011,121.0,18.4,0.3,0.8862199,Branched Oak Lake_2011_08,0.31590691208839417
221,221,GID_1344,0.001220632,0.002539012,0.007616305,0.004445631,0.001191671,GID_1344,UNL,United States of America (the),Branched Oak Lake,40.9702,-96.85685,8/31/2011,98.0,14.0,0.285,0.8036217,Branched Oak Lake_2011_08,0.3022896945476532
222,222,GID_1345,0.000676788,0.001641574,0.00597139,0.004299019,0.001895321,GID_1345,UNL,United States of America (the),Branched Oak Lake,40.96532,-96.88928,9/9/2011,152.0,34.0,0.23,0.696704,Branched Oak Lake_2011_09,0.3153507709503174
223,223,GID_1346,0.000622002,0.001566685,0.005789206,0.00357494,0.000964841,GID_1346,UNL,United States of America (the),Branched Oak Lake,40.96849,-96.87707,9/9/2011,102.0,19.1,0.285,0.6374027,Branched Oak Lake_2011_09,0.31046825647354126
224,224,GID_1347,0.000636327,0.001573234,0.005967816,0.003709011,0.001060949,GID_1347,UNL,United States of America (the),Branched Oak Lake,40.97044,-96.86675,9/9/2011,109.0,19.6,0.3,0.6585918,Branched Oak Lake_2011_09,0.2951943874359131
225,225,GID_1348,0.00102273,0.002293076,0.007604359,0.004782818,0.001698372,GID_1348,UNL,United States of America (the),Branched Oak Lake,40.9738,-96.87233,9/9/2011,147.0,30.7,0.305,0.6708736,Branched Oak Lake_2011_09,0.27332961559295654
226,226,GID_1349,0.000722166,0.001698947,0.00623783,0.004402426,0.001910494,GID_1349,UNL,United States of America (the),Branched Oak Lake,40.98628,-96.88173,9/9/2011,142.0,38.0,0.215,0.7270967,Branched Oak Lake_2011_09,0.29648205637931824
227,227,GID_135,0.00169121,0.002919858,0.007859879,0.006694271,0.000735549,GID_135,UT-TO,Lithuania,Curonian Lagoon,55.59458,21.15,5/8/2018,,,0.9,,Curonian Lagoon_2018_05,0.6459813714027405
228,228,GID_1350,0.000857141,0.001906455,0.006368931,0.004200784,0.000938681,GID_1350,UNL,United States of America (the),Branched Oak Lake,40.9803,-96.86454,9/9/2011,90.1,15.6,0.41,0.6148157,Branched Oak Lake_2011_09,0.3009461760520935
229,229,GID_1351,0.000932815,0.00205592,0.006478363,0.00445391,0.00117871,GID_1351,UNL,United States of America (the),Branched Oak Lake,40.98408,-96.86123,9/9/2011,94.8,23.5,0.29,0.6048763,Branched Oak Lake_2011_09,0.3258831799030304
230,230,GID_1352,0.001527621,0.003294257,0.0101921,0.006682551,0.001390014,GID_1352,UNL,United States of America (the),Branched Oak Lake,40.97801,-96.85798,9/9/2011,83.6,16.4,0.34,0.5953435,Branched Oak Lake_2011_09,0.26278048753738403
231,231,GID_1353,0.000779456,0.001700278,0.005204312,0.003558043,0.00081522,GID_1353,UNL,United States of America (the),Branched Oak Lake,40.9766,-96.85166,9/9/2011,92.0,17.2,0.35,0.5987765,Branched Oak Lake_2011_09,0.4326552748680115
232,232,GID_1354,0.000975079,0.00209353,0.006423616,0.004479484,0.00108931,GID_1354,UNL,United States of America (the),Branched Oak Lake,40.98283,-96.85301,9/9/2011,87.8,20.9,0.335,0.6050569,Branched Oak Lake_2011_09,0.3425425887107849
233,233,GID_1355,0.000778893,0.001701518,0.005783777,0.003665891,0.000530946,GID_1355,UNL,United States of America (the),Branched Oak Lake,40.9702,-96.85685,9/9/2011,86.7,15.3,0.31,0.653881,Branched Oak Lake_2011_09,0.32244595885276794
234,234,GID_1356,0.000730099,0.001641575,0.005756985,0.00337298,0.000687323,GID_1356,UNL,United States of America (the),Branched Oak Lake,40.96645,-96.8583,9/9/2011,112.0,17.1,0.355,0.6756973,Branched Oak Lake_2011_09,0.33133041858673096
235,235,GID_1357,0.000746653,0.001694893,0.005744547,0.003400513,0.00097773,GID_1357,UNL,United States of America (the),Branched Oak Lake,40.96476,-96.86405,9/9/2011,111.0,24.0,0.345,0.6744517,Branched Oak Lake_2011_09,0.3369942605495453
236,236,GID_1358,0.000917277,0.00202752,0.006747709,0.004387254,0.001671637,GID_1358,UNL,United States of America (the),Branched Oak Lake,40.96046,-96.87209,9/9/2011,131.0,33.7,0.25,0.7398683,Branched Oak Lake_2011_09,0.29110121726989746
237,237,GID_1359,0.000559741,0.001233105,0.004483484,0.003645053,0.001436991,GID_1359,UNL,United States of America (the),Branched Oak Lake,40.96089,-96.87818,9/9/2011,124.0,50.4,0.25,0.7263083,Branched Oak Lake_2011_09,0.4911470115184784
238,238,GID_136,0.001899317,0.002890819,0.007097049,0.005795192,0.000821581,GID_136,UT-TO,Lithuania,Curonian Lagoon,55.41866,21.12063,5/8/2018,,,0.9,,Curonian Lagoon_2018_05,0.8519488573074341
239,239,GID_1360,0.000511658,0.001085785,0.003979302,0.002902836,0.000342923,GID_1360,WDNR,United States of America (the),Lake Michigan,44.59622,-87.95273,6/6/2019,48.4,10.8,0.8,1.785384,Lake Michigan_2019_06,0.5148882269859314
240,240,GID_1361,0.001340486,0.002638208,0.007899557,0.004881621,0.000910893,GID_1361,WDNR,United States of America (the),Lake Michigan,44.61521,-87.89808,7/24/2019,41.4,11.6,1.2,1.381353,Lake Michigan_2019_07,0.298997163772583
241,241,GID_1362,0.000604063,0.002182324,0.007801913,0.004394953,0.000304821,GID_1362,WDNR,United States of America (the),Lake Michigan,44.59682,-87.95341,7/24/2019,55.1,15.0,0.8,1.516148,Lake Michigan_2019_07,0.25698161125183105
242,242,GID_1363,0.001169271,0.002780545,0.008640153,0.005209692,0.001215301,GID_1363,WDNR,United States of America (the),Lake Michigan,44.5816,-87.97846,7/24/2019,60.5,19.0,0.8,1.645819,Lake Michigan_2019_07,0.2548621892929077
243,243,GID_1364,0.000980709,0.002708765,0.00987347,0.005004179,0.000781486,GID_1364,WDNR,United States of America (the),Lake Michigan,44.59468,-87.99774,7/24/2019,62.6,17.0,0.7,1.577558,Lake Michigan_2019_07,0.2640104591846466
244,244,GID_1365,0.001504337,0.002956828,0.007859392,0.006241403,0.000867272,GID_1365,WDNR,United States of America (the),Fox River,44.53722,-88.00648,7/24/2019,24.5,12.0,0.9,1.934109,Fox River_2019_07,0.6245834827423096
245,245,GID_1368,0.01184849,0.01579544,0.015534,0.003690113,0.000474245,GID_1368,WDNR,United States of America (the),Lake Michigan,44.44255,-87.4976,7/25/2016,0.514,1.69,2.8,0.07910071,Lake Michigan_2016_07,3.7534608840942383
246,246,GID_1369,0.0062889,0.007466878,0.005998156,0.001054587,4.62e-05,GID_1369,WDNR,United States of America (the),Lake Michigan,44.45037,-87.4632,7/25/2016,0.115,0.88,8.5,0.05709056,Lake Michigan_2016_07,6.405994892120361
247,247,GID_137,0.001673963,0.002853085,0.007571252,0.006258683,0.000786643,GID_137,UT-TO,Lithuania,Curonian Lagoon,55.36104,21.08946,5/8/2018,,,0.9,,Curonian Lagoon_2018_05,0.6809746026992798
248,248,GID_1370,0.003244926,0.003777266,0.0027735,0.00052252,0.000380637,GID_1370,WDNR,United States of America (the),Lake Michigan,44.51927,-87.41541,7/25/2016,0.253,0.48,8.0,0.05506011,Lake Michigan_2016_07,7.078686714172363
249,249,GID_1371,0.003093153,0.003715805,0.002690635,0.000449611,1.74e-05,GID_1371,WDNR,United States of America (the),Lake Michigan,44.5887,-87.34493,7/25/2016,0.358,0.512,11.2,0.050432,Lake Michigan_2016_07,7.191621780395508
250,250,GID_1372,0.001662114,0.003070023,0.007707933,0.004161801,0.000178411,GID_1372,WDNR,United States of America (the),Lake Michigan,44.59567,-87.95292,7/26/2016,7.73,5.33,1.2,0.7597886,Lake Michigan_2016_07,1.1046626567840576
251,251,GID_1373,0.001746379,0.00304069,0.006176791,0.002589856,0.000139481,GID_1373,WDNR,United States of America (the),Lake Michigan,44.65283,-87.90082,7/26/2016,6.44,3.6,3.0,0.6605864,Lake Michigan_2016_07,2.4404137134552
252,252,GID_1374,0.001795124,0.002997418,0.005975975,0.002576354,9.41e-05,GID_1374,WDNR,United States of America (the),Lake Michigan,44.74854,-87.7931,7/26/2016,3.65,3.2,2.5,0.5914851,Lake Michigan_2016_07,2.478997230529785
253,253,GID_1375,0.001200134,0.002305182,0.005309039,0.002112061,4.69e-05,GID_1375,WDNR,United States of America (the),Lake Michigan,44.85613,-87.66492,7/26/2016,4.37,3.47,2.5,0.6269802,Lake Michigan_2016_07,2.6152396202087402
254,254,GID_1376,0.00105364,0.002005353,0.004270129,0.001747511,6.18e-05,GID_1376,WDNR,United States of America (the),Rock Lake,43.0806,-88.9325,5/18/2014,11.0,7.25,2.5,0.7261934,Rock Lake_2014_05,3.073935031890869
255,255,GID_1377,0.001230341,0.002230227,0.004559305,0.001913573,8.22e-05,GID_1377,WDNR,United States of America (the),Rock Lake,43.07256,-88.92804,5/18/2014,5.91,7.5,2.6,0.746059,Rock Lake_2014_05,2.967043161392212
256,256,GID_1378,0.001214292,0.002183851,0.004374153,0.001808413,9.1e-05,GID_1378,WDNR,United States of America (the),Rock Lake,43.08827,-88.92874,5/18/2014,9.06,7.0,2.5,0.7355008,Rock Lake_2014_05,3.1204051971435547
257,257,GID_1379,0.001912496,0.00295228,0.003582215,0.000864197,4.58e-05,GID_1379,WDNR,United States of America (the),Geneva Lake,42.55983,-88.54165,5/18/2014,1.89,1.5,6.0,0.2535852,Geneva Lake_2014_05,5.091996669769287
258,258,GID_138,0.001945593,0.00307848,0.007643327,0.005882684,0.000689858,GID_138,UT-TO,Lithuania,Curonian Lagoon,55.30577,21.02788,5/8/2018,,,0.9,,Curonian Lagoon_2018_05,0.7382693290710449
259,259,GID_1380,0.00176529,0.002721977,0.003328945,0.000784004,4.83e-05,GID_1380,WDNR,United States of America (the),Geneva Lake,42.56783,-88.49973,5/18/2014,1.6,1.5,5.2,0.2499518,Geneva Lake_2014_05,5.195706367492676
260,260,GID_1381,0.002191946,0.00348895,0.004363516,0.001104456,9.64e-05,GID_1381,WDNR,United States of America (the),Geneva Lake,42.57106,-88.45276,5/18/2014,1.28,1.33,5.5,0.2527579,Geneva Lake_2014_05,4.707906723022461
261,261,GID_1382,0.001162221,0.001734898,0.002796373,0.000800718,4.99e-05,GID_1382,WDNR,United States of America (the),Trout Lake,46.03649,-89.67038,6/17/2014,2.31,1.6,5.4,0.1927435,Trout Lake_2014_06,5.01901912689209
262,262,GID_1383,0.001240739,0.001853711,0.003104107,0.00085227,4.92e-05,GID_1383,WDNR,United States of America (the),Trout Lake,46.02681,-89.67933,6/17/2014,2.85,1.5,5.5,0.1811792,Trout Lake_2014_06,4.814852714538574
263,263,GID_1384,0.001111761,0.001664563,0.002737259,0.000866929,6.97e-05,GID_1384,WDNR,United States of America (the),Trout Lake,46.06101,-89.66447,6/17/2014,2.42,1.1,4.9,0.2630075,Trout Lake_2014_06,4.9098029136657715
264,264,GID_1385,0.000767508,0.00127925,0.002623609,0.001578332,9.26e-05,GID_1385,WDNR,United States of America (the),Big Saint Germain Lake,45.93246,-89.51977,6/17/2014,6.3,3.0,2.7,0.7260924,Big Saint Germain Lake_2014_06,2.6678214073181152
265,265,GID_1386,0.000791047,0.00125953,0.002571731,0.001581699,9.3e-05,GID_1386,WDNR,United States of America (the),Big Saint Germain Lake,45.93213,-89.5348,6/17/2014,5.71,2.83,2.5,0.7193907,Big Saint Germain Lake_2014_06,2.6383135318756104
266,266,GID_1387,0.000846465,0.001388739,0.002833249,0.001679567,9.68e-05,GID_1387,WDNR,United States of America (the),Big Saint Germain Lake,45.93703,-89.50202,6/17/2014,6.11,2.83,2.7,0.7290628,Big Saint Germain Lake_2014_06,2.61177921295166
267,267,GID_1388,0.000413068,0.000461467,0.001205164,0.001629772,0.000146272,GID_1388,WDNR,United States of America (the),Rainbow Flowage,45.85681,-89.51919,6/17/2014,10.0,3.47,1.2,5.701386,Rainbow Flowage_2014_06,0.8927459716796875
268,268,GID_1389,0.001646064,0.00238932,0.003420053,0.001084354,0.000119823,GID_1389,WDNR,United States of America (the),Fence Lake,45.95482,-89.83497,6/17/2014,1.41,1.3,6.5,0.2059911,Fence Lake_2014_06,4.7566375732421875
269,269,GID_139,0.001762375,0.002824426,0.0070735,0.005676818,0.000596417,GID_139,UT-TO,Lithuania,Curonian Lagoon,55.31339,21.08792,5/8/2018,,,0.9,,Curonian Lagoon_2018_05,0.7652063369750977
270,270,GID_1390,0.001695946,0.002508055,0.003833885,0.001176377,0.000106443,GID_1390,WDNR,United States of America (the),Fence Lake,45.95156,-89.85186,6/17/2014,1.4,1.2,4.5,0.2216068,Fence Lake_2014_06,4.443386554718018
271,271,GID_1391,0.001654539,0.002267753,0.003310743,0.001051987,0.000168864,GID_1391,WDNR,United States of America (the),Fence Lake,45.93653,-89.82586,6/17/2014,1.67,1.2,5.0,0.2123995,Fence Lake_2014_06,4.804696083068848
272,272,GID_1392,0.00104775,0.001710799,0.003619553,0.001789399,0.000145468,GID_1392,WDNR,United States of America (the),Lac Vieux Desert,46.12986,-89.12543,6/25/2014,4.47,2.27,3.2,0.8558724,Lac Vieux Desert_2014_06,2.7799410820007324
273,273,GID_1393,0.001010744,0.001586212,0.003164614,0.001595879,9.98e-05,GID_1393,WDNR,United States of America (the),Lac Vieux Desert,46.13144,-89.08956,6/25/2014,3.68,2.27,2.8,0.8720827,Lac Vieux Desert_2014_06,3.146923542022705
274,274,GID_1394,0.001204643,0.001826372,0.003704547,0.00178761,8.94e-05,GID_1394,WDNR,United States of America (the),Lac Vieux Desert,46.12814,-89.14101,6/25/2014,5.07,2.67,2.8,0.8270212,Lac Vieux Desert_2014_06,3.0098981857299805
275,275,GID_1395,0.001278782,0.002561874,0.007226334,0.005232153,0.000987638,GID_1395,WDNR,United States of America (the),Pine Lake,45.67817,-88.98133,6/26/2014,42.0,8.33,1.2,2.248888,Pine Lake_2014_06,0.4100755453109741
276,276,GID_1396,0.001138673,0.001669757,0.003935617,0.003158118,0.000439317,GID_1396,WDNR,United States of America (the),Pine Lake,45.68749,-88.97905,6/26/2014,14.4,4.24,1.6,2.277006,Pine Lake_2014_06,1.0601787567138672
277,277,GID_1397,0.001226798,0.002630736,0.008128175,0.005624923,0.001138567,GID_1397,WDNR,United States of America (the),Pine Lake,45.67046,-88.98801,6/26/2014,53.7,10.7,1.1,2.040997,Pine Lake_2014_06,0.30834829807281494
278,278,GID_1398,0.001028138,0.001454983,0.001760205,0.00050934,4.59e-05,GID_1398,WDNR,United States of America (the),Metonga Lake,45.54031,-88.90377,6/26/2014,1.62,0.458,10.5,0.3092762,Metonga Lake_2014_06,6.367099761962891
279,279,GID_1399,0.001375723,0.001967751,0.002456956,0.000733095,5.05e-05,GID_1399,WDNR,United States of America (the),Metonga Lake,45.55379,-88.90531,6/26/2014,1.99,0.444,8.7,0.3093303,Metonga Lake_2014_06,5.704349517822266
280,280,GID_14,0.001595998,0.002354952,0.004967903,0.004425779,0.000795817,GID_14,UT-TO,Estonia,Lake Peipsi,58.41248,27.47408,7/9/2013,,9.33,1.0,2.486792,Lake Peipsi_2013_07,1.1527903079986572
281,281,GID_140,0.001177686,0.001534992,0.003187195,0.002681245,0.000446946,GID_140,UT-TO,Lithuania,Curonian Lagoon,55.32699,21.17398,5/8/2018,,,0.9,,Curonian Lagoon_2018_05,1.2944426536560059
282,282,GID_1400,0.001042868,0.001438585,0.001801506,0.000549638,5.74e-05,GID_1400,WDNR,United States of America (the),Metonga Lake,45.52993,-88.90288,6/26/2014,2.45,0.587,8.2,0.2791007,Metonga Lake_2014_06,6.193149566650391
283,283,GID_1401,0.000632127,0.001100829,0.002421026,0.001491324,7.23e-05,GID_1401,WDNR,United States of America (the),Pelican Lake,45.50332,-89.19541,6/26/2014,5.61,2.2,3.2,1.19069,Pelican Lake_2014_06,2.2471437454223633
284,284,GID_1402,0.000700487,0.001070889,0.002167099,0.001295002,0.000115042,GID_1402,WDNR,United States of America (the),Pelican Lake,45.51121,-89.17763,6/26/2014,5.68,2.3,3.5,1.224676,Pelican Lake_2014_06,3.0728983879089355
285,285,GID_1403,0.001012075,0.001278315,0.002631496,0.001724617,0.000256688,GID_1403,WDNR,United States of America (the),Pelican Lake,45.51085,-89.21371,6/26/2014,6.98,2.8,2.4,1.190446,Pelican Lake_2014_06,2.1648993492126465
286,286,GID_1404,0.000867906,0.001851573,0.006122017,0.003837503,0.000700857,GID_1404,WDNR,United States of America (the),Lake Chetac,45.72491,-91.48252,7/9/2014,52.1,12.0,0.8,1.193551,Lake Chetac_2014_07,0.3109411597251892
287,287,GID_1405,0.000976972,0.00209631,0.006161636,0.004370093,0.000832085,GID_1405,WDNR,United States of America (the),Lake Chetac,45.7119,-91.5017,7/9/2014,46.6,12.7,0.8,1.242906,Lake Chetac_2014_07,0.389678418636322
288,288,GID_1406,0.002436882,0.006476906,0.02544517,0.02002134,0.003423739,GID_1406,WDNR,United States of America (the),Lake Chetac,45.70339,-91.50582,7/9/2014,58.8,14.7,0.8,1.179214,Lake Chetac_2014_07,0.4402325749397278
289,289,GID_1407,0.000899045,0.001408431,0.002537433,0.000937261,8.19e-05,GID_1407,WDNR,United States of America (the),Lac Courte Oreilles,45.89087,-91.46308,7/10/2014,4.72,2.5,4.6,0.4290534,Lac Courte Oreilles_2014_07,4.759606838226318
290,290,GID_1408,0.00081196,0.001295223,0.002217353,0.00081495,3.45e-05,GID_1408,WDNR,United States of America (the),Lac Courte Oreilles,45.89039,-91.44081,7/10/2014,3.83,2.17,5.0,0.4271042,Lac Courte Oreilles_2014_07,5.1125664710998535
291,291,GID_1409,0.000775492,0.001200038,0.002018325,0.000765341,4.97e-05,GID_1409,WDNR,United States of America (the),Lac Courte Oreilles,45.89772,-91.39736,7/10/2014,4.18,2.17,4.8,0.4714496,Lac Courte Oreilles_2014_07,5.250022888183594
292,292,GID_141,0.001215351,0.002179238,0.005816932,0.004997141,0.000457124,GID_141,UT-TO,Lithuania,Curonian Lagoon,55.36944,21.15101,5/8/2018,,,1.0,,Curonian Lagoon_2018_05,0.7197636961936951
293,293,GID_1410,0.000157555,0.00029885,0.000912932,0.001290326,0.000355894,GID_1410,WDNR,United States of America (the),Lake Chippewa,45.93523,-91.16009,7/10/2014,17.3,5.83,1.2,8.575347,Lake Chippewa_2014_07,0.9393459558486938
294,294,GID_1411,0.000258613,0.000560253,0.001724986,0.001965302,0.000349324,GID_1411,WDNR,United States of America (the),Lake Chippewa,45.96172,-91.17016,7/10/2014,17.4,5.17,1.4,5.221067,Lake Chippewa_2014_07,0.8755908012390137
295,295,GID_1412,0.000677526,0.001326469,0.003711474,0.002724754,0.000323317,GID_1412,WDNR,United States of America (the),Lake Chippewa,45.92926,-91.22185,7/10/2014,13.1,4.27,1.8,2.049863,Lake Chippewa_2014_07,0.7613852024078369
296,296,GID_1413,0.000751112,0.001269938,0.002650783,0.001065014,8.17e-05,GID_1413,WDNR,United States of America (the),Rock Lake,43.08029,-88.9323,7/21/2014,3.29,1.92,4.5,0.8343329,Rock Lake_2014_07,4.008005142211914
297,297,GID_1414,0.000777896,0.001253288,0.002620993,0.001055451,9.45e-05,GID_1414,WDNR,United States of America (the),Rock Lake,43.08895,-88.92897,7/21/2014,3.18,2.16,4.5,0.823179,Rock Lake_2014_07,4.008238315582275
298,298,GID_1415,0.00061146,0.001078554,0.002279577,0.000941479,5.71e-05,GID_1415,WDNR,United States of America (the),Rock Lake,43.07268,-88.92884,7/21/2014,3.24,1.84,4.8,0.8862241,Rock Lake_2014_07,4.083553314208984
299,299,GID_1416,0.001561747,0.002177207,0.00264697,0.000670577,6.86e-05,GID_1416,WDNR,United States of America (the),Geneva Lake,42.55873,-88.54,7/21/2014,1.97,0.958,6.5,0.2176666,Geneva Lake_2014_07,5.64415168762207
300,300,GID_1417,0.001536547,0.002216055,0.002785246,0.000717212,4.85e-05,GID_1417,WDNR,United States of America (the),Geneva Lake,42.56583,-88.50374,7/21/2014,2.02,1.0,5.0,0.2378668,Geneva Lake_2014_07,5.499059677124023
301,301,GID_1418,0.001457362,0.002128677,0.002691514,0.000698261,3.92e-05,GID_1418,WDNR,United States of America (the),Geneva Lake,42.57122,-88.45619,7/21/2014,1.97,1.02,5.5,0.2504942,Geneva Lake_2014_07,5.573832988739014
302,302,GID_1419,0.001094107,0.001896476,0.003413215,0.00118767,5.42e-05,GID_1419,WDNR,United States of America (the),Green Lake,43.81022,-88.99813,7/28/2014,7.87,2.0,4.2,0.4455036,Green Lake_2014_07,4.189764022827148
