,index,V1,station_id,blue,green,red,nir,id,organization,region,local,lat,long,date,chla,tss,secchi,acdom440,local_year_month,predicted
0,0,4860.0,GID_1,0.001634326,0.003037107,0.002704345,0.000503594,GID_1,UT-TO,Estonia,Lake Peipsi,58.49994,27.28475,7/8/2013,,2.67,1.85,2.532843602,Lake Peipsi_2013_07,1.4853978157043457
1,1,4861.0,GID_10,0.003331016,0.005469915,0.005263016,0.002058792,GID_10,UT-TO,Estonia,Lake Peipsi,58.44412,27.28849,7/9/2013,,8.33,1.1,2.440740199,Lake Peipsi_2013_07,1.3094737529754639
2,2,4862.0,GID_100,0.001550198,0.002326098,0.002279599,0.001080936,GID_100,UT-TO,Estonia,Lake Peipsi,58.78147,27.33255,5/17/2017,,7.33,2.2,3.131515726,Lake Peipsi_2017_05,1.642742395401001
3,3,4873.0,GID_101,0.003368629,0.008070533,0.007978824,0.001411288,GID_101,UT-TO,Estonia,Parnu Bay,58.36707,24.46216,7/7/2017,,9.25,0.9,3.361774236,Parnu Bay_2017_07,0.5944351553916931
4,4,4884.0,GID_102,0.006192958,0.010614072,0.00849061,0.001185851,GID_102,UT-TO,Estonia,Parnu Bay,58.33945,24.41657,7/7/2017,,6.75,1.0,1.197344248,Parnu Bay_2017_07,0.7243220806121826
5,5,4893.0,GID_103,0.006049101,0.010279047,0.007891905,0.001190507,GID_103,UT-TO,Estonia,Parnu Bay,58.305,24.35394,7/7/2017,,8.5,1.1,1.013137441,Parnu Bay_2017_07,0.7852814793586731
6,6,4904.0,GID_104,0.006705652,0.012316948,0.010078051,0.001264445,GID_104,UT-TO,Estonia,Parnu Bay,58.25143,24.44607,7/7/2017,,8.75,0.9,1.289447652,Parnu Bay_2017_07,0.5583946108818054
7,7,4911.0,GID_105,0.004903766,0.008703073,0.006634387,0.000854849,GID_105,UT-TO,Estonia,Parnu Bay,58.26721,24.31929,7/7/2017,,8.5,1.2,1.013137441,Parnu Bay_2017_07,0.9357703924179077
8,8,4922.0,GID_106,0.004513213,0.008098488,0.006181326,0.000768309,GID_106,UT-TO,Estonia,Parnu Bay,58.21943,24.30752,7/7/2017,,7.25,1.2,0.967085739,Parnu Bay_2017_07,1.1087892055511475
9,9,4933.0,GID_107,0.002989198,0.005241492,0.003839188,0.000560891,GID_107,UT-TO,Estonia,Parnu Bay,58.06697,23.95081,7/7/2017,,4.25,1.5,0.828930633,Parnu Bay_2017_07,1.5604615211486816
10,10,4964.0,GID_11,0.001966612,0.003429419,0.003062871,0.000763935,GID_11,UT-TO,Estonia,Lake Peipsi,58.47593,27.35226,7/9/2013,,3.33,1.5,2.302585093,Lake Peipsi_2013_07,1.514081597328186
11,11,4965.0,GID_110,0.002421599,0.003370827,0.002783841,0.001157022,GID_110,UT-TO,Estonia,Lake Rouge Suurjarv,57.72892,26.92078,7/18/2017,,4.0,2.0,1.749964671,Lake Rouge Suurjarv_2017_07,2.2110652923583984
12,12,4987.0,GID_112,0.003074914,0.005281818,0.003782543,0.000841399,GID_112,UT-TO,Estonia,Lake Pangodi,58.19748,26.57209,7/18/2017,,5.25,1.8,0.874982335,Lake Pangodi_2017_07,1.703054666519165
13,13,4998.0,GID_113,0.002215559,0.00413407,0.003135373,0.000808901,GID_113,UT-TO,Estonia,Lake Ahijarv,57.71287,26.50159,8/3/2017,,5.67,1.2,1.105240845,Lake Ahijarv_2017_08,1.4868953227996826
14,14,5009.0,GID_114,0.001692677,0.002513946,0.002048895,0.00087133,GID_114,UT-TO,Estonia,Lake Rouge Suurjarv,57.72864,26.92186,8/3/2017,,2.75,3.5,1.842068074,Lake Rouge Suurjarv_2017_08,2.6737282276153564
15,15,5020.0,GID_115,0.002789768,0.004655989,0.003747997,0.001073165,GID_115,UT-TO,Estonia,Lake Otepaa Valgjarv,58.08807,26.64253,8/3/2017,,25.5,1.3,1.842068074,Lake Otepaa Valgjarv_2017_08,1.4984567165374756
16,16,5027.0,GID_1156,0.005155295,0.012563329,0.00825808,0.001260583,GID_1156,UNL,United States of America (the),Fremont Lake #01,41.45017,-96.5606,7/2/2008,12.7,9.0,1.12,0.743515859,Fremont Lake #01_2008_07,0.5151746869087219
17,17,5028.0,GID_1157,0.006203332,0.015883979,0.012030517,0.002210324,GID_1157,UNL,United States of America (the),Fremont Lake #02,41.4498,-96.56363,7/2/2008,23.8,15.0,0.78,0.937664456,Fremont Lake #02_2008_07,0.49055010080337524
18,18,5029.0,GID_1158,0.00318101,0.008505025,0.00665704,0.001225144,GID_1158,UNL,United States of America (the),Fremont Lake #03,41.45073,-96.5695,7/2/2008,17.1,6.86,1.1,1.452453787,Fremont Lake #03_2008_07,0.3518894910812378
19,19,5030.0,GID_1159,0.001573976,0.002619405,0.001805898,0.000404744,GID_1159,UNL,United States of America (the),Fremont Lake #04,41.45053,-96.57692,7/2/2008,2.68,2.59,2.97,1.216457225,Fremont Lake #04_2008_07,3.02882719039917
20,20,5031.0,GID_116,0.002238792,0.003279985,0.002701721,0.000641281,GID_116,UT-TO,Estonia,Lake Verevi,58.23071,26.40493,8/3/2017,,4.4,1.4,2.440740199,Lake Verevi_2017_08,2.1745314598083496
21,21,5032.0,GID_1160,0.003013941,0.007567988,0.005269329,0.000744178,GID_1160,UNL,United States of America (the),Fremont Lake #05,41.44907,-96.5709,7/2/2008,17.0,5.92,1.08,1.075878612,Fremont Lake #05_2008_07,0.33920782804489136
22,22,5033.0,GID_1161,0.002334425,0.004380189,0.002683896,0.00050352,GID_1161,UNL,United States of America (the),Fremont Lake #18,41.43837,-96.54097,7/2/2008,4.56,3.45,1.98,0.615186891,Fremont Lake #18_2008_07,2.3230929374694824
23,23,5034.0,GID_1162,0.002814207,0.007430329,0.005607359,0.000754974,GID_1162,UNL,United States of America (the),Fremont Lake #17,41.4394,-96.54592,7/2/2008,20.8,8.57,0.85,1.163663114,Fremont Lake #17_2008_07,0.3593113124370575
24,24,5035.0,GID_1163,0.001764513,0.003519913,0.002714809,0.000553903,GID_1163,UNL,United States of America (the),Fremont Lake #16,41.44202,-96.55752,7/2/2008,7.16,5.33,1.11,0.712311071,Fremont Lake #16_2008_07,1.4426602125167847
25,25,5036.0,GID_1164,0.002577781,0.005247465,0.00349593,0.000885831,GID_1164,UNL,United States of America (the),Fremont Lake #07,41.44992,-96.57977,7/2/2008,14.1,4.0,1.07,1.199335619,Fremont Lake #07_2008_07,1.4289791584014893
26,26,5037.0,GID_1165,0.005971248,0.014223649,0.009272529,0.001480155,GID_1165,UNL,United States of America (the),Fremont Lake #01,41.45017,-96.5606,7/14/2008,13.6,7.06,1.27,0.695038286,Fremont Lake #01_2008_07,0.5800081491470337
27,27,5038.0,GID_1166,0.006440482,0.017817605,0.014512528,0.002574314,GID_1166,UNL,United States of America (the),Fremont Lake #02,41.4498,-96.56363,7/14/2008,24.1,14.0,0.51,0.821438452,Fremont Lake #02_2008_07,0.47499120235443115
28,28,5039.0,GID_1167,0.00545737,0.014646754,0.010853669,0.001696037,GID_1167,UNL,United States of America (the),Fremont Lake #03,41.45073,-96.5695,7/14/2008,17.7,10.0,0.92,1.060243806,Fremont Lake #03_2008_07,0.47464901208877563
29,29,5040.0,GID_1168,0.001411932,0.002237549,0.001659002,0.000460774,GID_1168,UNL,United States of America (the),Fremont Lake #04,41.45053,-96.57692,7/14/2008,7.26,2.19,2.41,1.009283844,Fremont Lake #04_2008_07,3.0881991386413574
30,30,5041.0,GID_1169,0.002321873,0.005292823,0.003722753,0.000622569,GID_1169,UNL,United States of America (the),Fremont Lake #05,41.44907,-96.5709,7/14/2008,18.0,5.73,0.98,0.929982618,Fremont Lake #05_2008_07,0.8116593360900879
31,31,5043.0,GID_1170,0.002316018,0.004526354,0.003134504,0.000524203,GID_1170,UNL,United States of America (the),Fremont Lake #16,41.44202,-96.55752,7/14/2008,9.46,5.09,0.94,0.712291608,Fremont Lake #16_2008_07,1.5401792526245117
32,32,5044.0,GID_1171,0.003160167,0.008045245,0.005933612,0.001062305,GID_1171,UNL,United States of America (the),Fremont Lake #17,41.4394,-96.54592,7/14/2008,23.3,10.0,0.86,1.156068578,Fremont Lake #17_2008_07,0.34969648718833923
33,33,5045.0,GID_1172,0.00211647,0.003985208,0.002310284,0.000430198,GID_1172,UNL,United States of America (the),Fremont Lake #18,41.43837,-96.54097,7/14/2008,7.63,4.0,1.82,0.580809973,Fremont Lake #18_2008_07,2.712002754211426
34,34,5046.0,GID_1173,0.001796577,0.004008861,0.002763676,0.000603733,GID_1173,UNL,United States of America (the),Fremont Lake #07,41.44992,-96.57977,7/14/2008,17.5,7.67,0.9,1.103725894,Fremont Lake #07_2008_07,1.3177355527877808
35,35,5047.0,GID_1174,0.006591369,0.009807789,0.006120443,0.001446331,GID_1174,UNL,United States of America (the),McConaughy Lake,41.22194,-101.69028,7/26/2008,13.7,8.0,1.16,,McConaughy Lake_2008_07,2.1269419193267822
36,36,5048.0,GID_1175,0.004295835,0.006198881,0.003852275,0.001371003,GID_1175,UNL,United States of America (the),McConaughy Lake,41.22806,-101.75306,7/26/2008,14.9,5.6,1.16,,McConaughy Lake_2008_07,2.4897685050964355
37,37,5049.0,GID_1176,0.005846378,0.008718438,0.005512482,0.001116733,GID_1176,UNL,United States of America (the),McConaughy Lake,41.24861,-101.81861,7/26/2008,16.1,7.11,1.1,,McConaughy Lake_2008_07,2.103384494781494
38,38,5050.0,GID_1177,0.007348658,0.011875297,0.008073383,0.001650552,GID_1177,UNL,United States of America (the),McConaughy Lake,41.26972,-101.885,7/26/2008,22.6,11.4,0.72,,McConaughy Lake_2008_07,1.0769946575164795
39,39,5051.0,GID_1178,0.004695796,0.011510635,0.010598857,0.005260513,GID_1178,UNL,United States of America (the),McConaughy Lake,41.28278,-101.94472,7/26/2008,111.0,88.0,0.14,,McConaughy Lake_2008_07,0.4876873791217804
40,40,5052.0,GID_1179,0.0038203,0.007630317,0.004922368,0.001694675,GID_1179,UNL,United States of America (the),Fremont Lake #01,41.45017,-96.5606,7/30/2008,10.9,5.18,1.57,,Fremont Lake #01_2008_07,1.3395211696624756
41,41,5053.0,GID_118,0.001732764,0.002778214,0.002613582,0.001114991,GID_118,UT-TO,Estonia,Lake Peipsi,58.23071,27.48658,8/8/2017,,16.4,0.7,3.592032745,Lake Peipsi_2017_08,1.5753557682037354
42,42,5054.0,GID_1180,0.003984655,0.008472619,0.006180463,0.001802405,GID_1180,UNL,United States of America (the),Fremont Lake #02,41.4498,-96.56363,7/30/2008,15.5,6.8,1.15,,Fremont Lake #02_2008_07,0.7549679279327393
43,43,5055.0,GID_1181,0.002960635,0.007509436,0.005613656,0.001353485,GID_1181,UNL,United States of America (the),Fremont Lake #03,41.45073,-96.5695,7/30/2008,19.7,11.2,0.93,,Fremont Lake #03_2008_07,0.37522655725479126
44,44,5056.0,GID_1182,0.003177704,0.006202263,0.003935281,0.001100897,GID_1182,UNL,United States of America (the),Fremont Lake #04,41.45053,-96.57692,7/30/2008,18.8,6.25,1.38,,Fremont Lake #04_2008_07,1.601177453994751
45,45,5057.0,GID_1183,0.003341342,0.007555583,0.004914794,0.001291726,GID_1183,UNL,United States of America (the),Fremont Lake #05,41.44907,-96.5709,7/30/2008,27.4,7.75,0.98,,Fremont Lake #05_2008_07,0.6873478889465332
46,46,5058.0,GID_1184,0.002552402,0.005159785,0.003661047,0.000987967,GID_1184,UNL,United States of America (the),Fremont Lake #16,41.44202,-96.55752,7/30/2008,14.5,7.2,1.27,,Fremont Lake #16_2008_07,1.1793251037597656
47,47,5059.0,GID_1185,0.003948623,0.010460882,0.008189268,0.002002598,GID_1185,UNL,United States of America (the),Fremont Lake #17,41.4394,-96.54592,7/30/2008,27.4,14.0,0.7,,Fremont Lake #17_2008_07,0.36752933263778687
48,48,5060.0,GID_1186,0.002735904,0.00542324,0.003340496,0.000862303,GID_1186,UNL,United States of America (the),Fremont Lake #18,41.43837,-96.54097,7/30/2008,8.55,3.73,1.94,,Fremont Lake #18_2008_07,1.8234248161315918
49,49,5061.0,GID_1187,0.002009352,0.005345905,0.003997747,0.001063254,GID_1187,UNL,United States of America (the),Fremont Lake #07,41.44992,-96.57977,7/30/2008,28.4,12.0,0.68,,Fremont Lake #07_2008_07,0.47818857431411743
50,50,5062.0,GID_1188,0.001790677,0.003761645,0.003053119,0.001044289,GID_1188,UNL,United States of America (the),Ogallala Lake,41.23057,-101.66532,8/2/2008,37.4,7.25,0.7,,Ogallala Lake_2008_08,1.2982722520828247
51,51,5063.0,GID_1189,0.00209839,0.003929316,0.003172673,0.000666485,GID_1189,UNL,United States of America (the),Ogallala Lake,41.22242,-101.66436,8/2/2008,35.9,6.0,0.96,,Ogallala Lake_2008_08,1.4168756008148193
52,52,5064.0,GID_119,0.002463868,0.005161274,0.00485451,0.001735984,GID_119,UT-TO,Estonia,Lake Peipsi,58.33067,27.47902,8/8/2017,,17.5,0.7,3.453877639,Lake Peipsi_2017_08,1.05440092086792
53,53,5065.0,GID_1190,0.01050959,0.013824358,0.009915226,0.002052309,GID_1190,UNL,United States of America (the),Ogallala Lake,41.21189,-101.66596,8/2/2008,4.56,7.33,0.98,,Ogallala Lake_2008_08,1.264399766921997
54,54,5066.0,GID_1191,0.011219788,0.014956787,0.010050436,0.002150169,GID_1191,UNL,United States of America (the),Ogallala Lake,41.21344,-101.66298,8/2/2008,4.82,7.78,0.66,,Ogallala Lake_2008_08,1.0339744091033936
55,55,5067.0,GID_1192,0.00794676,0.010672464,0.007665794,0.002470722,GID_1192,UNL,United States of America (the),Ogallala Lake,41.21615,-101.65454,8/2/2008,4.75,9.11,1.04,,Ogallala Lake_2008_08,1.9903777837753296
56,56,5068.0,GID_1193,0.006350202,0.009259602,0.006341827,0.001271321,GID_1193,UNL,United States of America (the),Ogallala Lake,41.21357,-101.6381,8/2/2008,3.63,5.0,1.24,,Ogallala Lake_2008_08,1.9358142614364624
57,57,5069.0,GID_1194,0.006449986,0.009742997,0.006588572,0.001223781,GID_1194,UNL,United States of America (the),Ogallala Lake,41.21129,-101.63963,8/2/2008,6.14,6.0,1.06,,Ogallala Lake_2008_08,1.8105143308639526
58,58,5070.0,GID_1195,0.002006826,0.004142178,0.002786506,0.000486457,GID_1195,UNL,United States of America (the),Fremont Lake #01,41.45017,-96.5606,8/13/2008,12.5,6.0,1.21,0.622417461,Fremont Lake #01_2008_08,1.598778247833252
59,59,5071.0,GID_1196,0.003143043,0.006710666,0.004661834,0.000766666,GID_1196,UNL,United States of America (the),Fremont Lake #02,41.4498,-96.56363,8/13/2008,18.3,5.67,1.19,0.650938423,Fremont Lake #02_2008_08,0.9473276138305664
60,60,5072.0,GID_1197,0.002363653,0.006113262,0.004760875,0.000974649,GID_1197,UNL,United States of America (the),Fremont Lake #03,41.45073,-96.5695,8/13/2008,33.0,10.0,0.7,0.941340296,Fremont Lake #03_2008_08,0.4491015672683716
61,61,5073.0,GID_1198,0.002659117,0.007305423,0.004514714,0.002004492,GID_1198,UNL,United States of America (the),Fremont Lake #05,41.44907,-96.5709,8/13/2008,120.0,14.0,0.6,1.11442086,Fremont Lake #05_2008_08,0.3141026496887207
62,62,5074.0,GID_1199,0.001584938,0.003795768,0.002388907,0.00049883,GID_1199,UNL,United States of America (the),Fremont Lake #04,41.45053,-96.57692,8/13/2008,32.4,6.67,1.3,1.00830148,Fremont Lake #04_2008_08,1.5407934188842773
63,63,5075.0,GID_12,0.00195448,0.003553584,0.003188124,0.000728376,GID_12,UT-TO,Estonia,Lake Peipsi,58.52217,27.40825,7/9/2013,,5.33,1.6,2.394688497,Lake Peipsi_2013_07,1.4324347972869873
64,64,5076.0,GID_120,0.002102879,0.003872867,0.003370468,0.000763533,GID_120,UT-TO,Estonia,Lake Peipsi,58.38316,27.4303,8/8/2017,,7.67,1.2,1.934171478,Lake Peipsi_2017_08,1.3975251913070679
65,65,5077.0,GID_1200,0.002514174,0.005819423,0.004268107,0.001049813,GID_1200,UNL,United States of America (the),Fremont Lake #16,41.44202,-96.55752,8/13/2008,45.1,8.89,0.77,0.696303238,Fremont Lake #16_2008_08,0.6526382565498352
66,66,5078.0,GID_1201,0.003035338,0.008177395,0.006153483,0.001182674,GID_1201,UNL,United States of America (the),Fremont Lake #17,41.4394,-96.54592,8/13/2008,28.9,8.44,0.57,0.929019048,Fremont Lake #17_2008_08,0.332469642162323
67,67,5079.0,GID_1202,0.002907487,0.005800906,0.00361284,0.000656465,GID_1202,UNL,United States of America (the),Fremont Lake #18,41.43837,-96.54097,8/13/2008,14.5,4.0,1.4,0.552250036,Fremont Lake #18_2008_08,1.7038201093673706
68,68,5080.0,GID_1203,0.002057174,0.004258189,0.003033999,0.000615615,GID_1203,UNL,United States of America (the),Fremont Lake #01,41.45017,-96.5606,8/27/2008,24.4,6.4,0.99,0.613676887,Fremont Lake #01_2008_08,1.3299708366394043
69,69,5081.0,GID_1204,0.002506322,0.005479162,0.00438102,0.000895537,GID_1204,UNL,United States of America (the),Fremont Lake #02,41.4498,-96.56363,8/27/2008,23.2,6.8,0.86,0.646213406,Fremont Lake #02_2008_08,0.9011662006378174
70,70,5082.0,GID_1205,0.00152472,0.003769844,0.003354903,0.000764007,GID_1205,UNL,United States of America (the),Fremont Lake #03,41.45073,-96.5695,8/27/2008,30.1,7.67,0.76,0.892320169,Fremont Lake #03_2008_08,1.0281833410263062
71,71,5083.0,GID_1206,0.001692633,0.004198371,0.002895421,0.000711646,GID_1206,UNL,United States of America (the),Fremont Lake #04,41.45053,-96.57692,8/27/2008,47.1,7.43,0.98,0.933286428,Fremont Lake #04_2008_08,1.0366127490997314
72,72,5084.0,GID_1207,0.002586723,0.006587928,0.004852227,0.001214243,GID_1207,UNL,United States of America (the),Fremont Lake #05,41.44907,-96.5709,8/27/2008,53.1,10.0,0.63,0.982230719,Fremont Lake #05_2008_08,0.39905476570129395
73,73,5085.0,GID_1208,0.002328093,0.005438382,0.0042076,0.001221529,GID_1208,UNL,United States of America (the),Fremont Lake #16,41.44202,-96.55752,8/27/2008,53.7,12.4,0.69,0.791892421,Fremont Lake #16_2008_08,0.6969566345214844
74,74,5086.0,GID_1209,0.001540087,0.003690352,0.003102123,0.000661328,GID_1209,UNL,United States of America (the),Fremont Lake #17,41.4394,-96.54592,8/27/2008,28.6,8.89,0.93,0.88539151,Fremont Lake #17_2008_08,1.1065177917480469
75,75,5087.0,GID_121,0.002467983,0.004771624,0.004137553,0.0010002,GID_121,UT-TO,Estonia,Lake Peipsi,58.45281,27.434311,8/8/2017,,8.0,1.1,1.98022318,Lake Peipsi_2017_08,1.2365671396255493
76,76,5088.0,GID_1210,0.001960842,0.004790881,0.003215217,0.000534965,GID_1210,UNL,United States of America (the),Fremont Lake #20,41.43662,-96.54927,8/27/2008,27.8,6.57,0.94,0.456863644,Fremont Lake #20_2008_08,0.9605914354324341
77,77,5089.0,GID_1211,0.001199908,0.002876585,0.002340072,0.000739357,GID_1211,UNL,United States of America (the),Fremont Lake #07,41.44992,-96.57977,8/27/2008,62.1,11.2,0.73,1.054361057,Fremont Lake #07_2008_08,1.305629014968872
78,78,5090.0,GID_1212,0.002198759,0.003319775,0.002229447,0.000357647,GID_1212,UNL,United States of America (the),Fremont Lake #01,41.45017,-96.5606,9/19/2008,12.6,2.44,2.0,0.642970825,Fremont Lake #01_2008_09,2.981358051300049
79,79,5091.0,GID_1213,0.004206643,0.008992985,0.006617543,0.001481063,GID_1213,UNL,United States of America (the),Fremont Lake #02,41.4498,-96.56363,9/19/2008,39.2,6.0,0.89,0.644724726,Fremont Lake #02_2008_09,0.731691300868988
80,80,5092.0,GID_1214,0.002332319,0.003638471,0.002804896,0.000474965,GID_1214,UNL,United States of America (the),Fremont Lake #03,41.45073,-96.5695,9/19/2008,30.4,2.92,1.57,1.156579745,Fremont Lake #03_2008_09,2.20070219039917
81,81,5093.0,GID_1215,0.001398291,0.002735383,0.002141256,0.000413454,GID_1215,UNL,United States of America (the),Fremont Lake #04,41.45053,-96.57692,9/19/2008,30.0,4.67,1.09,0.910084941,Fremont Lake #04_2008_09,1.6706578731536865
82,82,5094.0,GID_1216,0.003085393,0.007035533,0.005246735,0.001485773,GID_1216,UNL,United States of America (the),Fremont Lake #05,41.44907,-96.5709,9/19/2008,79.6,9.0,0.61,1.048347935,Fremont Lake #05_2008_09,0.7303251028060913
83,83,5095.0,GID_1217,0.003830738,0.010178974,0.007322088,0.001376232,GID_1217,UNL,United States of America (the),Fremont Lake #16,41.44202,-96.55752,9/19/2008,36.4,10.7,0.66,0.729897265,Fremont Lake #16_2008_09,0.3346015214920044
84,84,5096.0,GID_1218,0.002238541,0.004714815,0.003622824,0.000770292,GID_1218,UNL,United States of America (the),Fremont Lake #17,41.4394,-96.54592,9/19/2008,37.7,5.67,0.92,0.93430764,Fremont Lake #17_2008_09,1.0958738327026367
85,85,5097.0,GID_1219,0.002145937,0.004456427,0.002678744,0.000371983,GID_1219,UNL,United States of America (the),Fremont Lake #20,41.43662,-96.54927,9/19/2008,16.9,3.08,1.45,0.455265107,Fremont Lake #20_2008_09,1.9611380100250244
86,86,5098.0,GID_122,0.001712095,0.003021538,0.002503886,0.000577426,GID_122,UT-TO,Estonia,Lake Peipsi,58.44528,27.2893,8/8/2017,,0.9,1.2,1.98022318,Lake Peipsi_2017_08,1.6790735721588135
87,87,5099.0,GID_1220,0.00216999,0.005217932,0.003822945,0.000923018,GID_1220,UNL,United States of America (the),Fremont Lake #07,41.44992,-96.57977,9/19/2008,50.4,9.33,0.65,1.263765844,Fremont Lake #07_2008_09,0.7370589971542358
88,88,5100.0,GID_1221,0.002473318,0.003682327,0.00225115,0.00034488,GID_1221,UNL,United States of America (the),Fremont Lake #01,41.45017,-96.5606,9/26/2008,9.81,1.83,3.22,0.621758113,Fremont Lake #01_2008_09,3.2416138648986816
89,89,5101.0,GID_1222,0.005077257,0.013113277,0.009641389,0.00221859,GID_1222,UNL,United States of America (the),Fremont Lake #02,41.4498,-96.56363,9/26/2008,47.0,12.0,0.67,0.620681535,Fremont Lake #02_2008_09,0.4756222367286682
90,90,5102.0,GID_1223,0.002647651,0.003986478,0.002856091,0.000377676,GID_1223,UNL,United States of America (the),Fremont Lake #03,41.45073,-96.5695,9/26/2008,11.9,2.77,2.65,1.206073346,Fremont Lake #03_2008_09,2.521683692932129
91,91,5103.0,GID_1224,0.001615033,0.003572248,0.002800988,0.000577436,GID_1224,UNL,United States of America (the),Fremont Lake #04,41.45053,-96.57692,9/26/2008,35.9,6.67,0.96,0.879882298,Fremont Lake #04_2008_09,1.2663748264312744
92,92,5104.0,GID_1225,0.004262424,0.010312385,0.007024505,0.001966855,GID_1225,UNL,United States of America (the),Fremont Lake #05,41.44907,-96.5709,9/26/2008,79.5,13.7,0.7,0.923289765,Fremont Lake #05_2008_09,0.3585506081581116
93,93,5105.0,GID_1226,0.003796066,0.009688647,0.007045315,0.001326392,GID_1226,UNL,United States of America (the),Fremont Lake #16,41.44202,-96.55752,9/26/2008,36.0,12.5,0.82,0.755382551,Fremont Lake #16_2008_09,0.3356696367263794
94,94,5106.0,GID_1227,0.002692634,0.005908847,0.004146875,0.000955867,GID_1227,UNL,United States of America (the),Fremont Lake #17,41.4394,-96.54592,9/26/2008,41.8,7.67,0.86,0.989629157,Fremont Lake #17_2008_09,0.925866961479187
95,95,5107.0,GID_1228,0.00209539,0.004656081,0.002981414,0.000448709,GID_1228,UNL,United States of America (the),Fremont Lake #20,41.43663,-96.54925,9/26/2008,26.3,5.5,1.38,0.466842285,Fremont Lake #20_2008_09,1.4218552112579346
96,96,5108.0,GID_1229,0.00254185,0.005688613,0.004044079,0.000925988,GID_1229,UNL,United States of America (the),Fremont Lake #07,41.44992,-96.57977,9/26/2008,40.4,7.75,0.96,1.182433775,Fremont Lake #07_2008_09,0.7629878520965576
97,97,5109.0,GID_123,0.002012758,0.004196072,0.003631071,0.000615874,GID_123,UT-TO,Estonia,Lake Peipsi,58.58901,27.43329,8/8/2017,,6.0,1.3,1.796016373,Lake Peipsi_2017_08,1.2168751955032349
98,98,5110.0,GID_1230,0.003497798,0.005853458,0.003993087,0.000674968,GID_1230,UNL,United States of America (the),Fremont Lake #01,41.45017,-96.5606,10/9/2008,25.1,5.4,1.63,0.613794795,Fremont Lake #01_2008_10,1.8311363458633423
99,99,5111.0,GID_1231,0.001970678,0.004505117,0.004420124,0.001822667,GID_1231,UNL,United States of America (the),Fremont Lake #02,41.4498,-96.56363,10/9/2008,39.9,9.5,0.51,0.568349848,Fremont Lake #02_2008_10,0.8668793439865112
100,100,5112.0,GID_1232,0.004255206,0.007230783,0.005753091,0.000940915,GID_1232,UNL,United States of America (the),Fremont Lake #03,41.45073,-96.5695,10/9/2008,23.2,5.5,1.25,0.979106456,Fremont Lake #03_2008_10,1.2505743503570557
101,101,5113.0,GID_1233,0.001040714,0.002168421,0.002043831,0.000712956,GID_1233,UNL,United States of America (the),Fremont Lake #04,41.45053,-96.57692,10/9/2008,67.6,6.33,0.8,0.985322369,Fremont Lake #04_2008_10,1.4184600114822388
102,102,5114.0,GID_1234,0.002002368,0.003883593,0.003310435,0.001036383,GID_1234,UNL,United States of America (the),Fremont Lake #05,41.44907,-96.5709,10/9/2008,41.1,6.0,0.77,0.872046311,Fremont Lake #05_2008_10,1.3629324436187744
103,103,5115.0,GID_1235,0.003476298,0.007914254,0.00612642,0.001521223,GID_1235,UNL,United States of America (the),Fremont Lake #16,41.44202,-96.55752,10/9/2008,37.9,11.3,0.66,0.692067578,Fremont Lake #16_2008_10,0.7486207485198975
104,104,5116.0,GID_1236,0.001220371,0.002567631,0.002467175,0.000962101,GID_1236,UNL,United States of America (the),Fremont Lake #17,41.4394,-96.54592,10/9/2008,46.2,8.33,0.67,0.850206403,Fremont Lake #17_2008_10,1.3360211849212646
105,105,5117.0,GID_1237,0.002017162,0.004386284,0.002764241,0.000494587,GID_1237,UNL,United States of America (the),Fremont Lake #20,41.43663,-96.54925,10/9/2008,34.6,5.78,1.05,0.524134365,Fremont Lake #20_2008_10,1.651125431060791
106,106,5118.0,GID_1238,0.001714763,0.003863456,0.003014742,0.000993639,GID_1238,UNL,United States of America (the),Fremont Lake #07,41.44992,-96.57977,10/9/2008,68.7,8.2,0.79,1.368495711,Fremont Lake #07_2008_10,1.1580978631973267
107,107,5119.0,GID_1239,0.002667525,0.004094848,0.002595106,0.000418222,GID_1239,UNL,United States of America (the),Fremont Lake #01,41.45017,-96.5606,10/24/2008,10.9,3.04,2.36,0.657081076,Fremont Lake #01_2008_10,2.867361545562744
108,108,5120.0,GID_124,0.002576517,0.004909315,0.004312514,0.001229552,GID_124,UT-TO,Estonia,Lake Peipsi,58.77938,27.33283,8/8/2017,,7.25,1.4,1.796016373,Lake Peipsi_2017_08,1.232826828956604
109,109,5121.0,GID_1240,0.001601802,0.002978177,0.00254314,0.000709521,GID_1240,UNL,United States of America (the),Fremont Lake #02,41.4498,-96.56363,10/24/2008,20.6,6.0,1.16,0.535738565,Fremont Lake #02_2008_10,1.5411690473556519
110,110,5122.0,GID_1241,0.001604753,0.002937503,0.002234062,0.000737355,GID_1241,UNL,United States of America (the),Fremont Lake #03,41.45073,-96.5695,10/24/2008,132.0,11.7,0.97,1.177228036,Fremont Lake #03_2008_10,1.8883051872253418
111,111,5123.0,GID_1242,0.000967056,0.001316524,0.001049127,0.00027711,GID_1242,UNL,United States of America (the),Fremont Lake #04,41.45053,-96.57692,10/24/2008,34.8,3.57,2.38,1.063286351,Fremont Lake #04_2008_10,3.797185182571411
112,112,5124.0,GID_1243,0.003852862,0.006739824,0.004519266,0.001974105,GID_1243,UNL,United States of America (the),Fremont Lake #05,41.44907,-96.5709,10/24/2008,80.2,9.68,0.61,0.902480377,Fremont Lake #05_2008_10,1.5684633255004883
113,113,5125.0,GID_1244,0.001829188,0.003755508,0.002880973,0.000735756,GID_1244,UNL,United States of America (the),Fremont Lake #07,41.44992,-96.57977,10/24/2008,27.8,7.6,0.96,1.186861533,Fremont Lake #07_2008_10,1.3598589897155762
114,114,5126.0,GID_1245,0.002399064,0.005106435,0.003850749,0.000895385,GID_1245,UNL,United States of America (the),Fremont Lake #16,41.44202,-96.55752,10/24/2008,29.0,10.7,0.82,0.717195237,Fremont Lake #16_2008_10,0.999426007270813
115,115,5127.0,GID_1246,0.001080243,0.002114977,0.002117794,0.000785483,GID_1246,UNL,United States of America (the),Fremont Lake #17,41.4394,-96.54592,10/24/2008,49.7,9.33,0.72,0.830902233,Fremont Lake #17_2008_10,1.3514171838760376
116,116,5128.0,GID_1247,0.001853907,0.003543237,0.002406713,0.000471718,GID_1247,UNL,United States of America (the),Fremont Lake #20,41.43663,-96.54925,10/24/2008,33.5,6.5,1.06,0.717195237,Fremont Lake #20_2008_10,1.9984679222106934
117,117,5129.0,GID_1248,0.002579891,0.003363053,0.001791457,0.000245977,GID_1248,UNL,United States of America (the),Fremont Lake #01,41.45017,-96.5606,11/19/2008,4.42,1.78,4.2,0.698620975,Fremont Lake #01_2008_11,4.342192649841309
118,118,5130.0,GID_1249,0.003178399,0.004953845,0.002834879,0.000571788,GID_1249,UNL,United States of America (the),Fremont Lake #02,41.4498,-96.56363,11/19/2008,19.1,3.83,2.01,0.691478176,Fremont Lake #02_2008_11,3.003535270690918
119,119,5131.0,GID_125,0.001778439,0.003630911,0.003229508,0.00075342,GID_125,UT-TO,Estonia,Lake Peipsi,58.92213,27.23186,8/8/2017,,5.0,1.3,1.842068074,Lake Peipsi_2017_08,1.3100299835205078
120,120,5132.0,GID_1250,0.001658592,0.003301976,0.00256923,0.000988076,GID_1250,UNL,United States of America (the),Fremont Lake #03,41.45073,-96.5695,11/19/2008,201.0,11.7,0.98,1.450859371,Fremont Lake #03_2008_11,1.4733576774597168
121,121,5133.0,GID_1251,0.003223371,0.004095905,0.002640195,0.000472998,GID_1251,UNL,United States of America (the),Fremont Lake #04,41.45053,-96.57692,11/19/2008,2.27,1.19,3.9,1.345893888,Fremont Lake #04_2008_11,3.454617977142334
122,122,5134.0,GID_1252,0.005208177,0.009164013,0.006137351,0.002099199,GID_1252,UNL,United States of America (the),Fremont Lake #05,41.44907,-96.5709,11/19/2008,81.2,9.33,0.75,0.958666683,Fremont Lake #05_2008_11,1.3362390995025635
123,123,5135.0,GID_1253,0.001729269,0.004279687,0.003348758,0.000865194,GID_1253,UNL,United States of America (the),Fremont Lake #07,41.44992,-96.57977,11/19/2008,58.1,9.67,1.28,1.27943466,Fremont Lake #07_2008_11,0.9211693406105042
124,124,5136.0,GID_1254,0.002128791,0.00386119,0.002841019,0.000494784,GID_1254,UNL,United States of America (the),Fremont Lake #16,41.44202,-96.55752,11/19/2008,13.3,3.78,1.71,0.896839053,Fremont Lake #16_2008_11,1.7334071397781372
125,125,5137.0,GID_1255,0.001510107,0.002972179,0.002440505,0.000555941,GID_1255,UNL,United States of America (the),Fremont Lake #17,41.4394,-96.54592,11/19/2008,25.2,4.31,1.19,0.917583666,Fremont Lake #17_2008_11,1.4906147718429565
126,126,5138.0,GID_1256,0.002096593,0.003852021,0.002647789,0.000471719,GID_1256,UNL,United States of America (the),Fremont Lake #20,41.43663,-96.54925,11/19/2008,31.3,3.78,1.49,0.577584181,Fremont Lake #20_2008_11,2.0260391235351562
127,127,5139.0,GID_1257,0.002436408,0.003652238,0.001963363,0.000297346,GID_1257,UNL,United States of America (the),Fremont Lake #20,41.43663,-96.54925,4/20/2009,12.6,3.56,2.41,0.401865817,Fremont Lake #20_2009_04,3.747763156890869
128,128,5140.0,GID_1258,0.002232259,0.004134466,0.003173251,0.000559764,GID_1258,UNL,United States of America (the),Fremont Lake #17,41.4394,-96.54592,4/20/2009,18.5,8.53,1.13,0.726377815,Fremont Lake #17_2009_04,1.4711320400238037
129,129,5141.0,GID_1259,0.001952934,0.003773178,0.002947858,0.000482635,GID_1259,UNL,United States of America (the),Fremont Lake #16,41.44202,-96.55752,4/20/2009,11.5,6.15,1.12,0.524787136,Fremont Lake #16_2009_04,1.427314281463623
130,130,5142.0,GID_126,0.003031711,0.005260357,0.004942482,0.002435048,GID_126,UT-TO,Estonia,Lake Peipsi,58.82562,27.1057,8/8/2017,,6.0,1.3,1.934171478,Lake Peipsi_2017_08,1.3053501844406128
131,131,5143.0,GID_1260,0.002143285,0.003073104,0.00187911,0.000269451,GID_1260,UNL,United States of America (the),Fremont Lake #01,41.45017,-96.5606,4/20/2009,8.89,3.72,1.39,0.480816265,Fremont Lake #01_2009_04,3.67775821685791
132,132,5144.0,GID_1261,0.00222655,0.003348066,0.002045709,0.000326264,GID_1261,UNL,United States of America (the),Fremont Lake #02,41.4498,-96.56363,4/20/2009,14.9,4.5,1.86,0.558456675,Fremont Lake #02_2009_04,3.37410831451416
133,133,5145.0,GID_1262,0.000912142,0.001934067,0.001442825,0.00053164,GID_1262,UNL,United States of America (the),Fremont Lake #03,41.45073,-96.5695,4/20/2009,196.0,15.1,0.84,1.348918862,Fremont Lake #03_2009_04,2.098996639251709
134,134,5146.0,GID_1263,0.002722507,0.004843694,0.003385063,0.000545515,GID_1263,UNL,United States of America (the),Fremont Lake #04,41.45053,-96.57692,4/20/2009,35.8,9.6,0.99,1.173835131,Fremont Lake #04_2009_04,1.789612054824829
135,135,5147.0,GID_1264,0.001413253,0.003242466,0.002771803,0.000663718,GID_1264,UNL,United States of America (the),Fremont Lake #05,41.44907,-96.5709,4/20/2009,49.0,11.8,0.69,0.755207735,Fremont Lake #05_2009_04,1.2459800243377686
136,136,5148.0,GID_1265,0.001854473,0.003454273,0.002564027,0.000370812,GID_1265,UNL,United States of America (the),Fremont Lake #07,41.44992,-96.57977,4/20/2009,8.34,6.0,1.11,0.721651415,Fremont Lake #07_2009_04,1.7218244075775146
137,137,5149.0,GID_1266,0.003674647,0.006656079,0.003800577,0.000501108,GID_1266,UNL,United States of America (the),Fremont Lake #20,41.43663,-96.54925,5/4/2009,10.2,5.68,1.46,0.464240917,Fremont Lake #20_2009_05,2.016356945037842
138,138,5150.0,GID_1267,0.002436409,0.003554303,0.002365597,0.000348885,GID_1267,UNL,United States of America (the),Fremont Lake #17,41.4394,-96.54592,5/4/2009,6.31,1.33,3.0,0.769055669,Fremont Lake #17_2009_05,3.0347957611083984
139,139,5151.0,GID_1268,0.00253925,0.005011787,0.003758162,0.00051129,GID_1268,UNL,United States of America (the),Fremont Lake #16,41.44202,-96.55752,5/4/2009,10.2,4.75,1.22,0.561171703,Fremont Lake #16_2009_05,1.1919012069702148
140,140,5152.0,GID_1269,0.002710539,0.003671949,0.002108539,0.000294641,GID_1269,UNL,United States of America (the),Fremont Lake #01,41.45017,-96.5606,5/4/2009,7.19,2.09,2.83,0.550998872,Fremont Lake #01_2009_05,3.8414740562438965
141,141,5153.0,GID_1270,0.002652936,0.004008265,0.002597722,0.000408749,GID_1270,UNL,United States of America (the),Fremont Lake #02,41.4498,-96.56363,5/4/2009,4.76,1.95,2.24,0.514146589,Fremont Lake #02_2009_05,2.858645439147949
142,142,5154.0,GID_1271,0.001650102,0.002738331,0.002232651,0.000374822,GID_1271,UNL,United States of America (the),Fremont Lake #03,41.45073,-96.5695,5/4/2009,6.77,1.4,1.85,1.152075559,Fremont Lake #03_2009_05,1.9884700775146484
143,143,5155.0,GID_1272,0.002340725,0.003238457,0.001960671,0.000247893,GID_1272,UNL,United States of America (the),Fremont Lake #04,41.45053,-96.57692,5/4/2009,4.05,1.32,3.21,0.857000664,Fremont Lake #04_2009_05,3.7509982585906982
144,144,5156.0,GID_1273,0.002449744,0.004776328,0.003805031,0.000853955,GID_1273,UNL,United States of America (the),Fremont Lake #05,41.44907,-96.5709,5/4/2009,49.7,8.0,0.98,0.82163372,Fremont Lake #05_2009_05,1.2623302936553955
145,145,5157.0,GID_1274,0.002641565,0.004724597,0.003525076,0.000562661,GID_1274,UNL,United States of America (the),Fremont Lake #07,41.44992,-96.57977,5/4/2009,12.8,3.5,1.29,0.83413768,Fremont Lake #07_2009_05,1.5219964981079102
146,146,5158.0,GID_1275,0.002213004,0.003255413,0.001653545,0.000201452,GID_1275,UNL,United States of America (the),Fremont Lake #20,41.43663,-96.54925,5/21/2009,5.49,2.22,2.75,0.455139393,Fremont Lake #20_2009_05,4.196870803833008
147,147,5159.0,GID_1276,0.002693854,0.004712476,0.003092835,0.000477716,GID_1276,UNL,United States of America (the),Fremont Lake #17,41.4394,-96.54592,5/21/2009,15.1,2.4,1.69,0.763001156,Fremont Lake #17_2009_05,2.2058486938476562
148,148,5160.0,GID_1277,0.001844972,0.00365363,0.002880726,0.000366558,GID_1277,UNL,United States of America (the),Fremont Lake #16,41.44202,-96.55752,5/21/2009,9.05,4.67,1.02,0.592941084,Fremont Lake #16_2009_05,1.4083821773529053
149,149,5161.0,GID_1278,0.002375645,0.003175356,0.001825883,0.000210375,GID_1278,UNL,United States of America (the),Fremont Lake #01,41.45017,-96.5606,5/21/2009,3.97,1.87,3.25,0.517985989,Fremont Lake #01_2009_05,4.125418663024902
150,150,5162.0,GID_1279,0.003207136,0.005905736,0.00349385,0.000543488,GID_1279,UNL,United States of America (the),Fremont Lake #02,41.4498,-96.56363,5/21/2009,14.7,2.97,1.86,0.5564055,Fremont Lake #02_2009_05,1.977241039276123
151,151,5164.0,GID_1280,0.001246371,0.002286583,0.001748085,0.000284956,GID_1280,UNL,United States of America (the),Fremont Lake #03,41.45073,-96.5695,5/21/2009,10.5,2.53,1.8,0.884875945,Fremont Lake #03_2009_05,2.2255477905273438
152,152,5165.0,GID_1281,0.001595185,0.002220312,0.001300984,0.0001671,GID_1281,UNL,United States of America (the),Fremont Lake #04,41.45053,-96.57692,5/21/2009,9.78,1.65,3.32,0.933673153,Fremont Lake #04_2009_05,4.447654724121094
153,153,5166.0,GID_1282,0.003531017,0.008123718,0.005966205,0.001085504,GID_1282,UNL,United States of America (the),Fremont Lake #05,41.44907,-96.5709,5/21/2009,36.0,8.44,0.74,0.690057028,Fremont Lake #05_2009_05,0.5614128708839417
154,154,5167.0,GID_1283,0.001738761,0.003178007,0.002052848,0.000254144,GID_1283,UNL,United States of America (the),Fremont Lake #07,41.44992,-96.57977,5/21/2009,6.8,2.88,1.57,0.757127906,Fremont Lake #07_2009_05,2.628861665725708
155,155,5168.0,GID_1284,0.002133443,0.002928848,0.001734379,0.000233793,GID_1284,UNL,United States of America (the),Fremont Lake #20,41.43663,-96.54925,6/1/2009,4.11,3.6,2.22,0.46237396,Fremont Lake #20_2009_06,4.033215522766113
156,156,5169.0,GID_1285,0.002654246,0.005980609,0.004102267,0.000912427,GID_1285,UNL,United States of America (the),Fremont Lake #17,41.4394,-96.54592,6/1/2009,36.9,7.68,0.9,0.907540149,Fremont Lake #17_2009_06,0.8908604383468628
157,157,5170.0,GID_1286,0.001572579,0.003073014,0.002464695,0.000426785,GID_1286,UNL,United States of America (the),Fremont Lake #16,41.44202,-96.55752,6/1/2009,14.9,6.44,1.09,0.6131628,Fremont Lake #16_2009_06,1.5035912990570068
158,158,5171.0,GID_1287,0.002313902,0.003478766,0.002052586,0.000329784,GID_1287,UNL,United States of America (the),Fremont Lake #01,41.45017,-96.5606,6/1/2009,7.63,2.11,2.8,0.528370479,Fremont Lake #01_2009_06,3.458355188369751
159,159,5172.0,GID_1288,0.003514339,0.009569314,0.006320499,0.001464058,GID_1288,UNL,United States of America (the),Fremont Lake #02,41.4498,-96.56363,6/1/2009,52.3,7.83,0.8,0.572263128,Fremont Lake #02_2009_06,0.3177945613861084
160,160,5173.0,GID_1289,0.003031456,0.006740255,0.004672354,0.001024385,GID_1289,UNL,United States of America (the),Fremont Lake #03,41.45073,-96.5695,6/1/2009,33.0,5.78,0.97,0.853943856,Fremont Lake #03_2009_06,0.8414949178695679
161,161,5174.0,GID_1290,0.001514197,0.00215703,0.001517362,0.000249125,GID_1290,UNL,United States of America (the),Fremont Lake #04,41.45053,-96.57692,6/1/2009,12.1,1.6,2.15,1.176696105,Fremont Lake #04_2009_06,3.7331573963165283
162,162,5175.0,GID_1291,0.004396258,0.008987669,0.00555494,0.002150151,GID_1291,UNL,United States of America (the),Fremont Lake #05,41.44907,-96.5709,6/1/2009,95.5,11.7,0.54,0.900264284,Fremont Lake #05_2009_06,1.3586907386779785
163,163,5176.0,GID_1292,0.002075836,0.004033245,0.00272071,0.000499508,GID_1292,UNL,United States of America (the),Fremont Lake #07,41.44992,-96.57977,6/1/2009,21.0,5.5,1.18,0.84450695,Fremont Lake #07_2009_06,1.84768545627594
164,164,5177.0,GID_1293,0.001737512,0.002550879,0.001646323,0.000241613,GID_1293,UNL,United States of America (the),Fremont Lake #20,41.43663,-96.54925,6/15/2009,8.54,2.6,2.0,0.352966761,Fremont Lake #20_2009_06,3.727418899536133
165,165,5178.0,GID_1294,0.002399136,0.005778856,0.004241577,0.001162872,GID_1294,UNL,United States of America (the),Victory Lake,41.43943,-96.5358,6/15/2009,53.0,15.1,0.62,0.420074186,Victory Lake_2009_06,0.6128839254379272
166,166,5179.0,GID_1295,0.002168246,0.00451964,0.003188361,0.00058776,GID_1295,UNL,United States of America (the),Fremont Lake #17,41.4394,-96.54592,6/15/2009,22.6,4.93,1.12,0.654053526,Fremont Lake #17_2009_06,1.269017219543457
167,167,5180.0,GID_1296,0.001651367,0.003535895,0.002728215,0.000475438,GID_1296,UNL,United States of America (the),Fremont Lake #16,41.44202,-96.55752,6/15/2009,21.3,7.67,0.9,0.46140856,Fremont Lake #16_2009_06,1.3355791568756104
168,168,5181.0,GID_1297,0.002386631,0.004078353,0.002317678,0.000368916,GID_1297,UNL,United States of America (the),Fremont Lake #01,41.45017,-96.5606,6/15/2009,7.89,2.33,2.1,0.445294171,Fremont Lake #01_2009_06,3.0066370964050293
169,169,5182.0,GID_1298,0.002838655,0.005271738,0.003371988,0.000487854,GID_1298,UNL,United States of America (the),Fremont Lake #02,41.4498,-96.56363,6/15/2009,13.8,3.07,1.48,0.474996588,Fremont Lake #02_2009_06,1.8575053215026855
170,170,5183.0,GID_1299,0.002724826,0.005418297,0.003595749,0.000547893,GID_1299,UNL,United States of America (the),Fremont Lake #03,41.45073,-96.5695,6/15/2009,16.1,3.83,1.38,0.647475604,Fremont Lake #03_2009_06,1.5132027864456177
171,171,5184.0,GID_13,0.002527069,0.004747183,0.004468595,0.001096727,GID_13,UT-TO,Estonia,Lake Peipsi,58.45684,27.44887,7/9/2013,,6.33,1.4,2.4867919,Lake Peipsi_2013_07,1.2272727489471436
172,172,5185.0,GID_130,0.001926412,0.00283192,0.00223704,0.000467499,GID_130,UT-TO,Estonia,Lake Ruusmae,57.63582,27.08536,8/30/2017,,4.25,2.0,2.532843602,Lake Ruusmae_2017_08,2.658825635910034
173,173,5186.0,GID_1300,0.004403321,0.01029584,0.006300863,0.002606395,GID_1300,UNL,United States of America (the),Fremont Lake #05,41.44907,-96.5709,6/15/2009,102.0,18.1,0.45,1.040530547,Fremont Lake #05_2009_06,0.7611365914344788
174,174,5187.0,GID_1301,0.002019792,0.00505281,0.00329494,0.000753115,GID_1301,UNL,United States of America (the),Fremont Lake #07,41.44992,-96.57977,6/15/2009,34.4,11.0,0.75,0.685522137,Fremont Lake #07_2009_06,0.9173592925071716
175,175,5188.0,GID_1302,0.001447042,0.002835309,0.001849268,0.000247656,GID_1302,UNL,United States of America (the),Fremont Lake #20,41.43663,-96.54925,7/6/2009,8.91,4.44,1.49,0.395190006,Fremont Lake #20_2009_07,2.4796414375305176
176,176,5189.0,GID_1303,0.001899276,0.004209715,0.002953677,0.001164702,GID_1303,UNL,United States of America (the),Victory Lake,41.43943,-96.5358,7/6/2009,83.2,16.2,0.5,0.527041174,Victory Lake_2009_07,1.2197511196136475
177,177,5190.0,GID_1304,0.003365708,0.00783005,0.005335138,0.000918424,GID_1304,UNL,United States of America (the),Fremont Lake #17,41.4394,-96.54592,7/6/2009,28.4,7.0,0.86,0.718830451,Fremont Lake #17_2009_07,0.46078306436538696
178,178,5191.0,GID_1305,0.001747047,0.003914234,0.00296964,0.00049083,GID_1305,UNL,United States of America (the),Fremont Lake #16,41.44202,-96.55752,7/6/2009,21.4,7.33,0.84,0.522322209,Fremont Lake #16_2009_07,1.1512348651885986
179,179,5192.0,GID_1306,0.003855878,0.007604913,0.004950377,0.000796405,GID_1306,UNL,United States of America (the),Fremont Lake #01,41.45017,-96.5606,7/6/2009,15.2,6.0,1.31,0.478521277,Fremont Lake #01_2009_07,1.3412492275238037
180,180,5193.0,GID_1307,0.004536695,0.010392477,0.007179702,0.001232527,GID_1307,UNL,United States of America (the),Fremont Lake #02,41.4498,-96.56363,7/6/2009,24.2,8.44,0.91,0.466100029,Fremont Lake #02_2009_07,0.3795374035835266
181,181,5194.0,GID_1308,0.002433095,0.005255034,0.003479047,0.000631224,GID_1308,UNL,United States of America (the),Fremont Lake #03,41.45073,-96.5695,7/6/2009,27.5,7.11,0.91,0.86425241,Fremont Lake #03_2009_07,1.276043176651001
182,182,5195.0,GID_1309,0.003330692,0.007225058,0.004763943,0.001962737,GID_1309,UNL,United States of America (the),Fremont Lake #05,41.44907,-96.5709,7/6/2009,103.0,15.1,0.39,0.839090861,Fremont Lake #05_2009_07,0.9247351288795471
183,183,5196.0,GID_131,0.001443559,0.0023404,0.002264414,0.000415821,GID_131,UT-TO,Estonia,Lake Raigastvere,58.5914,26.64911,5/3/2018,,4.8,1.6,4.052549764,Lake Raigastvere_2018_05,1.5740690231323242
184,184,5197.0,GID_1310,0.001995379,0.004683151,0.003344072,0.000728843,GID_1310,UNL,United States of America (the),Fremont Lake #07,41.44992,-96.57977,7/6/2009,30.1,9.87,0.65,0.742346696,Fremont Lake #07_2009_07,0.8849705457687378
185,185,5198.0,GID_1311,0.001628193,0.002872327,0.002001572,0.000329518,GID_1311,UNL,United States of America (the),Fremont Lake #20,41.43663,-96.54925,7/20/2009,7.39,2.25,1.66,0.415993432,Fremont Lake #20_2009_07,2.5340869426727295
186,186,5199.0,GID_1312,0.002189353,0.005455966,0.003581035,0.001906312,GID_1312,UNL,United States of America (the),Victory Lake,41.43943,-96.5358,7/20/2009,129.0,22.9,0.43,0.63229554,Victory Lake_2009_07,0.7535750865936279
187,187,5200.0,GID_1313,0.002523425,0.006753836,0.004876094,0.000780973,GID_1313,UNL,United States of America (the),Fremont Lake #17,41.4394,-96.54592,7/20/2009,23.7,5.83,0.81,0.800483018,Fremont Lake #17_2009_07,0.35068148374557495
188,188,5201.0,GID_1314,0.001747757,0.004079643,0.00324545,0.000591232,GID_1314,UNL,United States of America (the),Fremont Lake #16,41.44202,-96.55752,7/20/2009,28.1,8.0,0.85,0.602393226,Fremont Lake #16_2009_07,1.056647777557373
189,189,5202.0,GID_1315,0.004515502,0.010206864,0.00680559,0.001224155,GID_1315,UNL,United States of America (the),Fremont Lake #01,41.45017,-96.5606,7/20/2009,23.0,8.67,0.92,0.493985315,Fremont Lake #01_2009_07,0.6409531831741333
190,190,5203.0,GID_1316,0.00273353,0.006621199,0.004634263,0.000784593,GID_1316,UNL,United States of America (the),Fremont Lake #02,41.4498,-96.56363,7/20/2009,28.9,7.81,0.88,0.552457849,Fremont Lake #02_2009_07,0.41049647331237793
191,191,5204.0,GID_1317,0.002289721,0.004735175,0.003393193,0.000594707,GID_1317,UNL,United States of America (the),Fremont Lake #03,41.45073,-96.5695,7/20/2009,27.8,6.53,1.0,0.983762865,Fremont Lake #03_2009_07,1.1936979293823242
192,192,5205.0,GID_1318,0.002949916,0.00683838,0.00497815,0.002559409,GID_1318,UNL,United States of America (the),Fremont Lake #05,41.44907,-96.5709,7/20/2009,102.0,14.8,0.44,0.864281325,Fremont Lake #05_2009_07,0.7040848135948181
193,193,5206.0,GID_1319,0.002539165,0.006369455,0.004969352,0.00130405,GID_1319,UNL,United States of America (the),Fremont Lake #07,41.44992,-96.57977,7/20/2009,42.0,12.3,0.64,0.856824313,Fremont Lake #07_2009_07,0.4633316397666931
194,194,5207.0,GID_132,0.00127675,0.002600968,0.002583057,0.000495667,GID_132,UT-TO,Estonia,Lake Kaiavere,58.59589,26.68855,5/3/2018,,6.4,1.1,3.730187851,Lake Kaiavere_2018_05,1.3164746761322021
195,195,5208.0,GID_1320,0.002503642,0.006765842,0.005168268,0.002528585,GID_1320,UNL,United States of America (the),Branched Oak Lake,40.98313,-96.85313,8/18/2011,117.0,26.0,0.225,0.670513684,Branched Oak Lake_2011_08,0.37379443645477295
196,196,5209.0,GID_1321,0.002967552,0.007279113,0.004527625,0.002566071,GID_1321,UNL,United States of America (the),Branched Oak Lake,40.97599,-96.85202,8/18/2011,117.0,28.7,0.32,0.686272249,Branched Oak Lake_2011_08,0.6352853775024414
197,197,5210.0,GID_1322,0.002573133,0.006577451,0.004081467,0.002217635,GID_1322,UNL,United States of America (the),Branched Oak Lake,40.96697,-96.85889,8/18/2011,133.0,20.0,0.31,0.617692097,Branched Oak Lake_2011_08,0.5081844329833984
198,198,5211.0,GID_1323,0.002778524,0.006877762,0.004904185,0.002017068,GID_1323,UNL,United States of America (the),Branched Oak Lake,40.96216,-96.87053,8/18/2011,87.8,20.0,0.34,0.667350584,Branched Oak Lake_2011_08,0.3865013122558594
199,199,5212.0,GID_1324,0.002785628,0.00687364,0.004948333,0.002325101,GID_1324,UNL,United States of America (the),Branched Oak Lake,40.96142,-96.87796,8/18/2011,95.4,21.7,0.295,0.64525016,Branched Oak Lake_2011_08,0.3946664035320282
200,200,5213.0,GID_1325,0.002507411,0.006855487,0.00486595,0.003552267,GID_1325,UNL,United States of America (the),Branched Oak Lake,40.96626,-96.88846,8/18/2011,146.0,30.0,0.225,0.737341723,Branched Oak Lake_2011_08,0.33176517486572266
201,201,5214.0,GID_1326,0.002648585,0.007532217,0.004291847,0.003508568,GID_1326,UNL,United States of America (the),Branched Oak Lake,40.96914,-96.87637,8/18/2011,147.0,21.3,0.215,0.823447471,Branched Oak Lake_2011_08,0.4223294258117676
202,202,5215.0,GID_1327,0.002444838,0.007271073,0.004564801,0.002890449,GID_1327,UNL,United States of America (the),Branched Oak Lake,40.97428,-96.87242,8/18/2011,150.0,30.7,0.265,0.735533676,Branched Oak Lake_2011_08,0.29366886615753174
203,203,5216.0,GID_1328,0.002396911,0.006409614,0.004893315,0.002941303,GID_1328,UNL,United States of America (the),Branched Oak Lake,40.98652,-96.88284,8/18/2011,132.0,38.0,0.205,0.67234096,Branched Oak Lake_2011_08,0.3885384202003479
204,204,5217.0,GID_1329,0.002647161,0.007162561,0.004575475,0.002457406,GID_1329,UNL,United States of America (the),Branched Oak Lake,40.98439,-96.86225,8/18/2011,129.0,25.0,0.24,0.75562083,Branched Oak Lake_2011_08,0.31306034326553345
205,205,5218.0,GID_133,0.001962332,0.003064626,0.002302134,0.000732554,GID_133,UT-TO,Estonia,Lake Saadjarv,58.52953,26.67507,5/3/2018,,1.14,3.0,1.24339595,Lake Saadjarv_2018_05,2.5971457958221436
206,206,5219.0,GID_1330,0.004578207,0.009601217,0.006310088,0.003042403,GID_1330,UNL,United States of America (the),Branched Oak Lake,40.98237,-96.85338,8/31/2011,101.0,16.7,0.27,0.714411629,Branched Oak Lake_2011_08,0.862848162651062
207,207,5220.0,GID_1331,0.001925097,0.004967953,0.003274712,0.001115978,GID_1331,UNL,United States of America (the),Branched Oak Lake,40.97693,-96.85112,8/31/2011,84.4,13.3,0.325,0.657054704,Branched Oak Lake_2011_08,0.7880067229270935
208,208,5221.0,GID_1332,0.002155684,0.005246455,0.003808404,0.001242806,GID_1332,UNL,United States of America (the),Branched Oak Lake,40.96713,-96.85747,8/31/2011,70.8,11.3,0.305,0.825126721,Branched Oak Lake_2011_08,0.6737187504768372
209,209,5222.0,GID_1333,0.002206969,0.006320093,0.004043987,0.001838488,GID_1333,UNL,United States of America (the),Branched Oak Lake,40.96439,-96.86354,8/31/2011,121.0,20.0,0.275,0.781646855,Branched Oak Lake_2011_08,0.3235398530960083
210,210,5223.0,GID_1334,0.002877675,0.007828185,0.00493933,0.002173526,GID_1334,UNL,United States of America (the),Branched Oak Lake,40.96098,-96.86824,8/31/2011,111.0,17.2,0.275,0.705914937,Branched Oak Lake_2011_08,0.30595847964286804
211,211,5224.0,GID_1335,0.003326211,0.009072719,0.005802127,0.00288983,GID_1335,UNL,United States of America (the),Branched Oak Lake,40.96083,-96.87837,8/31/2011,123.0,18.8,0.255,0.752269078,Branched Oak Lake_2011_08,0.31257736682891846
212,212,5225.0,GID_1336,0.002827869,0.008089284,0.005271999,0.002642715,GID_1336,UNL,United States of America (the),Branched Oak Lake,40.96559,-96.88969,8/31/2011,125.0,22.4,0.24,0.760951299,Branched Oak Lake_2011_08,0.2937762141227722
213,213,5226.0,GID_1337,0.002270278,0.005998822,0.004087383,0.001955879,GID_1337,UNL,United States of America (the),Branched Oak Lake,40.96877,-96.8771,8/31/2011,132.0,16.8,0.26,0.710527415,Branched Oak Lake_2011_08,0.3757513761520386
214,214,5227.0,GID_1338,0.002332647,0.005998162,0.00396145,0.001897,GID_1338,UNL,United States of America (the),Branched Oak Lake,40.96991,-96.87265,8/31/2011,152.0,14.0,0.31,0.832200486,Branched Oak Lake_2011_08,0.40058696269989014
215,215,5228.0,GID_1339,0.00335116,0.009379119,0.005868923,0.002676199,GID_1339,UNL,United States of America (the),Branched Oak Lake,40.9738,-96.87233,8/31/2011,131.0,24.8,0.285,0.811037206,Branched Oak Lake_2011_08,0.31670254468917847
216,216,5229.0,GID_134,0.00292909,0.007030687,0.006722323,0.001193295,GID_134,UT-TO,Lithuania,Curonian Lagoon,55.6558,21.1348,5/8/2018,,,0.9,,Curonian Lagoon_2018_05,0.7046015858650208
217,217,5230.0,GID_1340,0.002908615,0.008354708,0.005131066,0.002998219,GID_1340,UNL,United States of America (the),Branched Oak Lake,40.98628,-96.88173,8/31/2011,160.0,24.4,0.235,0.859191443,Branched Oak Lake_2011_08,0.3033725619316101
218,218,5231.0,GID_1341,0.002614146,0.006784322,0.00431183,0.001931229,GID_1341,UNL,United States of America (the),Branched Oak Lake,40.9803,-96.86454,8/31/2011,128.0,16.8,0.3,0.853051237,Branched Oak Lake_2011_08,0.34776604175567627
219,219,5232.0,GID_1342,0.002647235,0.008067735,0.005096735,0.002121689,GID_1342,UNL,United States of America (the),Branched Oak Lake,40.98408,-96.86123,8/31/2011,122.0,23.6,0.235,0.854981564,Branched Oak Lake_2011_08,0.2870831787586212
220,220,5233.0,GID_1343,0.00203999,0.005888737,0.00390083,0.001606386,GID_1343,UNL,United States of America (the),Branched Oak Lake,40.97801,-96.85798,8/31/2011,121.0,18.4,0.3,0.886219851,Branched Oak Lake_2011_08,0.340334415435791
221,221,5234.0,GID_1344,0.002756128,0.006889837,0.004571775,0.00184141,GID_1344,UNL,United States of America (the),Branched Oak Lake,40.9702,-96.85685,8/31/2011,98.0,14.0,0.285,0.803621717,Branched Oak Lake_2011_08,0.3518519699573517
222,222,5235.0,GID_1345,0.00181794,0.005656676,0.004554227,0.002695963,GID_1345,UNL,United States of America (the),Branched Oak Lake,40.96532,-96.88928,9/9/2011,152.0,34.0,0.23,0.696703955,Branched Oak Lake_2011_09,0.36988797783851624
223,223,5236.0,GID_1346,0.001729865,0.005304889,0.003728727,0.001463207,GID_1346,UNL,United States of America (the),Branched Oak Lake,40.96849,-96.87707,9/9/2011,102.0,19.1,0.285,0.637402744,Branched Oak Lake_2011_09,0.37333977222442627
224,224,5237.0,GID_1347,0.001741592,0.005475444,0.003868332,0.001621341,GID_1347,UNL,United States of America (the),Branched Oak Lake,40.97044,-96.86675,9/9/2011,109.0,19.6,0.3,0.658591763,Branched Oak Lake_2011_09,0.34331390261650085
225,225,5238.0,GID_1348,0.002511814,0.007041249,0.005077564,0.002469171,GID_1348,UNL,United States of America (the),Branched Oak Lake,40.9738,-96.87233,9/9/2011,147.0,30.7,0.305,0.67087365,Branched Oak Lake_2011_09,0.3214356601238251
226,226,5239.0,GID_1349,0.001884871,0.005938249,0.004765984,0.002627028,GID_1349,UNL,United States of America (the),Branched Oak Lake,40.98628,-96.88173,9/9/2011,142.0,38.0,0.215,0.727096698,Branched Oak Lake_2011_09,0.34905052185058594
227,227,5240.0,GID_135,0.003101064,0.007851328,0.007353736,0.001214278,GID_135,UT-TO,Lithuania,Curonian Lagoon,55.59458,21.15,5/8/2018,,,0.9,,Curonian Lagoon_2018_05,0.6252193450927734
228,228,5241.0,GID_1350,0.002082069,0.005892361,0.004340918,0.001480961,GID_1350,UNL,United States of America (the),Branched Oak Lake,40.9803,-96.86454,9/9/2011,90.1,15.6,0.41,0.614815709,Branched Oak Lake_2011_09,0.3649460971355438
229,229,5242.0,GID_1351,0.002236448,0.006071761,0.004658712,0.001786785,GID_1351,UNL,United States of America (the),Branched Oak Lake,40.98408,-96.86123,9/9/2011,94.8,23.5,0.29,0.604876325,Branched Oak Lake_2011_09,0.39952588081359863
230,230,5243.0,GID_1352,0.003562446,0.009440412,0.006956548,0.002174617,GID_1352,UNL,United States of America (the),Branched Oak Lake,40.97801,-96.85798,9/9/2011,83.6,16.4,0.34,0.595343494,Branched Oak Lake_2011_09,0.32753467559814453
231,231,5244.0,GID_1353,0.001843229,0.004854705,0.003681054,0.001272773,GID_1353,UNL,United States of America (the),Branched Oak Lake,40.9766,-96.85166,9/9/2011,92.0,17.2,0.35,0.598776471,Branched Oak Lake_2011_09,0.6591091156005859
232,232,5245.0,GID_1354,0.002266122,0.006035431,0.00469138,0.001620123,GID_1354,UNL,United States of America (the),Branched Oak Lake,40.98283,-96.85301,9/9/2011,87.8,20.9,0.335,0.605056856,Branched Oak Lake_2011_09,0.4260844886302948
233,233,5246.0,GID_1355,0.001859144,0.005320768,0.003793138,0.000987731,GID_1355,UNL,United States of America (the),Branched Oak Lake,40.9702,-96.85685,9/9/2011,86.7,15.3,0.31,0.653881024,Branched Oak Lake_2011_09,0.4120364189147949
234,234,5247.0,GID_1356,0.001802685,0.005224283,0.003508731,0.001203625,GID_1356,UNL,United States of America (the),Branched Oak Lake,40.96645,-96.8583,9/9/2011,112.0,17.1,0.355,0.675697296,Branched Oak Lake_2011_09,0.4114730954170227
235,235,5248.0,GID_1357,0.00185642,0.005223325,0.00353588,0.001442661,GID_1357,UNL,United States of America (the),Branched Oak Lake,40.96476,-96.86405,9/9/2011,111.0,24.0,0.345,0.674451735,Branched Oak Lake_2011_09,0.43213072419166565
236,236,5249.0,GID_1358,0.002216402,0.006285386,0.004670884,0.002434781,GID_1358,UNL,United States of America (the),Branched Oak Lake,40.96046,-96.87209,9/9/2011,131.0,33.7,0.25,0.739868333,Branched Oak Lake_2011_09,0.34916722774505615
237,237,5250.0,GID_1359,0.001357736,0.004333731,0.003813393,0.002077734,GID_1359,UNL,United States of America (the),Branched Oak Lake,40.96089,-96.87818,9/9/2011,124.0,50.4,0.25,0.726308293,Branched Oak Lake_2011_09,0.559238851070404
238,238,5251.0,GID_136,0.003040583,0.007070978,0.006426545,0.001324778,GID_136,UT-TO,Lithuania,Curonian Lagoon,55.41866,21.12063,5/8/2018,,,0.9,,Curonian Lagoon_2018_05,0.7342175245285034
239,239,5252.0,GID_1360,0.001192573,0.003988538,0.003470364,0.000569256,GID_1360,WDNR,United States of America (the),Lake Michigan,44.59622,-87.95273,6/6/2019,48.4,10.8,0.8,1.785384229,Lake Michigan_2019_06,0.5830279588699341
240,240,5253.0,GID_1361,0.002850002,0.007343918,0.005316235,0.001420054,GID_1361,WDNR,United States of America (the),Lake Michigan,44.61521,-87.89808,7/24/2019,41.4,11.6,1.2,1.38135296,Lake Michigan_2019_07,0.3517523407936096
241,241,5254.0,GID_1362,0.002393622,0.007132048,0.004825862,0.000573114,GID_1362,WDNR,United States of America (the),Lake Michigan,44.59682,-87.95341,7/24/2019,55.1,15.0,0.8,1.516147931,Lake Michigan_2019_07,0.2948634624481201
242,242,5255.0,GID_1363,0.003014824,0.008001539,0.005640433,0.001941116,GID_1363,WDNR,United States of America (the),Lake Michigan,44.5816,-87.97846,7/24/2019,60.5,19.0,0.8,1.64581888,Lake Michigan_2019_07,0.3157280683517456
243,243,5256.0,GID_1364,0.002956522,0.008876332,0.00554099,0.001311484,GID_1364,WDNR,United States of America (the),Lake Michigan,44.59468,-87.99774,7/24/2019,62.6,17.0,0.7,1.577557943,Lake Michigan_2019_07,0.2979814410209656
244,244,5257.0,GID_1365,0.003152598,0.007574854,0.006558273,0.00138455,GID_1365,WDNR,United States of America (the),Fox River,44.53722,-88.00648,7/24/2019,24.5,12.0,0.9,1.934108891,Fox River_2019_07,0.7560635805130005
245,245,5260.0,GID_1368,0.015883872,0.01336323,0.004777141,0.000445094,GID_1368,WDNR,United States of America (the),Lake Michigan,44.44255,-87.4976,7/25/2016,0.514,1.69,2.8,0.079100709,Lake Michigan_2016_07,3.6399919986724854
246,246,5261.0,GID_1369,0.007430707,0.005037104,0.001390908,4.7e-05,GID_1369,WDNR,United States of America (the),Lake Michigan,44.45037,-87.4632,7/25/2016,0.115,0.88,8.5,0.05709056,Lake Michigan_2016_07,6.3485798835754395
247,247,5262.0,GID_137,0.003024489,0.007538418,0.0068981,0.001308382,GID_137,UT-TO,Lithuania,Curonian Lagoon,55.36104,21.08946,5/8/2018,,,0.9,,Curonian Lagoon_2018_05,0.658476710319519
248,248,5263.0,GID_1370,0.003754968,0.002348698,0.000677584,0.000307829,GID_1370,WDNR,United States of America (the),Lake Michigan,44.51927,-87.41541,7/25/2016,0.253,0.48,8.0,0.055060114,Lake Michigan_2016_07,6.594028472900391
249,249,5264.0,GID_1371,0.003695755,0.002257082,0.00058681,2.85e-05,GID_1371,WDNR,United States of America (the),Lake Michigan,44.5887,-87.34493,7/25/2016,0.358,0.512,11.2,0.050432,Lake Michigan_2016_07,6.740616798400879
250,250,5265.0,GID_1372,0.003264772,0.007115875,0.00475593,0.000373946,GID_1372,WDNR,United States of America (the),Lake Michigan,44.59567,-87.95292,7/26/2016,7.73,5.33,1.2,0.759788617,Lake Michigan_2016_07,0.8940255045890808
251,251,5266.0,GID_1373,0.003190993,0.005555528,0.003090411,0.000187979,GID_1373,WDNR,United States of America (the),Lake Michigan,44.65283,-87.90082,7/26/2016,6.44,3.6,3.0,0.660586423,Lake Michigan_2016_07,2.5123677253723145
252,252,5267.0,GID_1374,0.003139019,0.005386642,0.003051243,0.000208578,GID_1374,WDNR,United States of America (the),Lake Michigan,44.74854,-87.7931,7/26/2016,3.65,3.2,2.5,0.591485074,Lake Michigan_2016_07,2.566380500793457
253,253,5268.0,GID_1375,0.002446859,0.004747469,0.002554699,0.000105601,GID_1375,WDNR,United States of America (the),Lake Michigan,44.85613,-87.66492,7/26/2016,4.37,3.47,2.5,0.626980206,Lake Michigan_2016_07,2.47823429107666
254,254,5269.0,GID_1376,0.00210677,0.003895389,0.002177703,0.000126923,GID_1376,WDNR,United States of America (the),Rock Lake,43.0806,-88.9325,5/18/2014,11.0,7.25,2.5,0.726193371,Rock Lake_2014_05,2.952103614807129
255,255,5270.0,GID_1377,0.002333692,0.004168198,0.00237065,0.000163606,GID_1377,WDNR,United States of America (the),Rock Lake,43.07256,-88.92804,5/18/2014,5.91,7.5,2.6,0.746058971,Rock Lake_2014_05,2.876964807510376
256,256,5271.0,GID_1378,0.002284849,0.003982986,0.002232462,0.000166657,GID_1378,WDNR,United States of America (the),Rock Lake,43.08827,-88.92874,5/18/2014,9.06,7.0,2.5,0.7355008,Rock Lake_2014_05,3.0555105209350586
257,257,5272.0,GID_1379,0.003018882,0.003065758,0.001096966,8.37e-05,GID_1379,WDNR,United States of America (the),Geneva Lake,42.55983,-88.54165,5/18/2014,1.89,1.5,6.0,0.253585189,Geneva Lake_2014_05,5.212079048156738
258,258,5273.0,GID_138,0.00324852,0.00749453,0.006473406,0.001137499,GID_138,UT-TO,Lithuania,Curonian Lagoon,55.30577,21.02788,5/8/2018,,,0.9,,Curonian Lagoon_2018_05,0.7898654937744141
259,259,5274.0,GID_1380,0.002784269,0.002841912,0.001001073,8.36e-05,GID_1380,WDNR,United States of America (the),Geneva Lake,42.56783,-88.49973,5/18/2014,1.6,1.5,5.2,0.249951817,Geneva Lake_2014_05,5.3598785400390625
260,260,5275.0,GID_1381,0.003578299,0.003740372,0.001373451,0.000148082,GID_1381,WDNR,United States of America (the),Geneva Lake,42.57106,-88.45276,5/18/2014,1.28,1.33,5.5,0.252757943,Geneva Lake_2014_05,4.83637809753418
261,261,5276.0,GID_1382,0.001789682,0.00241038,0.000993754,8.6e-05,GID_1382,WDNR,United States of America (the),Trout Lake,46.03649,-89.67038,6/17/2014,2.31,1.6,5.4,0.192743497,Trout Lake_2014_06,5.443802356719971
262,262,5277.0,GID_1383,0.001913946,0.002666498,0.001068572,8.87e-05,GID_1383,WDNR,United States of America (the),Trout Lake,46.02681,-89.67933,6/17/2014,2.85,1.5,5.5,0.181179246,Trout Lake_2014_06,5.240169048309326
263,263,5278.0,GID_1384,0.001719627,0.002384694,0.001062133,0.000103292,GID_1384,WDNR,United States of America (the),Trout Lake,46.06101,-89.66447,6/17/2014,2.42,1.1,4.9,0.263007451,Trout Lake_2014_06,5.250567436218262
264,264,5279.0,GID_1385,0.001339862,0.00247253,0.001773529,0.00015893,GID_1385,WDNR,United States of America (the),Big Saint Germain Lake,45.93246,-89.51977,6/17/2014,6.3,3.0,2.7,0.726092434,Big Saint Germain Lake_2014_06,2.3567864894866943
265,265,5280.0,GID_1386,0.001316904,0.002428256,0.001766461,0.000155036,GID_1386,WDNR,United States of America (the),Big Saint Germain Lake,45.93213,-89.5348,6/17/2014,5.71,2.83,2.5,0.71939072,Big Saint Germain Lake_2014_06,2.3233728408813477
266,266,5281.0,GID_1387,0.001452823,0.002663084,0.001895283,0.000170214,GID_1387,WDNR,United States of America (the),Big Saint Germain Lake,45.93703,-89.50202,6/17/2014,6.11,2.83,2.7,0.729062766,Big Saint Germain Lake_2014_06,2.3836026191711426
267,267,5282.0,GID_1388,0.000488081,0.00125131,0.001559002,0.000234318,GID_1388,WDNR,United States of America (the),Rainbow Flowage,45.85681,-89.51919,6/17/2014,10.0,3.47,1.2,5.701385874,Rainbow Flowage_2014_06,1.1144936084747314
268,268,5283.0,GID_1389,0.002459287,0.002984144,0.001304681,0.000169894,GID_1389,WDNR,United States of America (the),Fence Lake,45.95482,-89.83497,6/17/2014,1.41,1.3,6.5,0.205991131,Fence Lake_2014_06,4.956730842590332
269,269,5284.0,GID_139,0.002981829,0.006962716,0.006188169,0.000981752,GID_139,UT-TO,Lithuania,Curonian Lagoon,55.31339,21.08792,5/8/2018,,,0.9,,Curonian Lagoon_2018_05,0.7239384651184082
270,270,5285.0,GID_1390,0.002591081,0.003325259,0.001414799,0.000174187,GID_1390,WDNR,United States of America (the),Fence Lake,45.95156,-89.85186,6/17/2014,1.4,1.2,4.5,0.221606766,Fence Lake_2014_06,4.722261428833008
271,271,5286.0,GID_1391,0.002337276,0.002879038,0.00124135,0.000230423,GID_1391,WDNR,United States of America (the),Fence Lake,45.93653,-89.82586,6/17/2014,1.67,1.2,5.0,0.212399543,Fence Lake_2014_06,5.058515548706055
272,272,5287.0,GID_1392,0.001790602,0.003321174,0.002093566,0.000217759,GID_1392,WDNR,United States of America (the),Lac Vieux Desert,46.12986,-89.12543,6/25/2014,4.47,2.27,3.2,0.855872366,Lac Vieux Desert_2014_06,2.638197422027588
273,273,5288.0,GID_1393,0.001655505,0.00290847,0.001844797,0.000171057,GID_1393,WDNR,United States of America (the),Lac Vieux Desert,46.13144,-89.08956,6/25/2014,3.68,2.27,2.8,0.872082651,Lac Vieux Desert_2014_06,3.1009597778320312
274,274,5289.0,GID_1394,0.001906316,0.003395078,0.002098546,0.000165052,GID_1394,WDNR,United States of America (the),Lac Vieux Desert,46.12814,-89.14101,6/25/2014,5.07,2.67,2.8,0.827021166,Lac Vieux Desert_2014_06,2.9537391662597656
275,275,5290.0,GID_1395,0.002729334,0.006742265,0.005353673,0.001587404,GID_1395,WDNR,United States of America (the),Pine Lake,45.67817,-88.98133,6/26/2014,42.0,8.33,1.2,2.24888832,Pine Lake_2014_06,0.6059034466743469
276,276,5291.0,GID_1396,0.001752481,0.003761023,0.003248347,0.000658881,GID_1396,WDNR,United States of America (the),Pine Lake,45.68749,-88.97905,6/26/2014,14.4,4.24,1.6,2.277005897,Pine Lake_2014_06,1.2484426498413086
277,277,5292.0,GID_1397,0.002815567,0.007546352,0.005835463,0.00178089,GID_1397,WDNR,United States of America (the),Pine Lake,45.67046,-88.98801,6/26/2014,53.7,10.7,1.1,2.040996937,Pine Lake_2014_06,0.36374568939208984
278,278,5293.0,GID_1398,0.00148706,0.001524816,0.000619654,6.92e-05,GID_1398,WDNR,United States of America (the),Metonga Lake,45.54031,-88.90377,6/26/2014,1.62,0.458,10.5,0.30927616,Metonga Lake_2014_06,6.224906921386719
279,279,5294.0,GID_1399,0.00201439,0.002139781,0.000891665,8.94e-05,GID_1399,WDNR,United States of America (the),Metonga Lake,45.55379,-88.90531,6/26/2014,1.99,0.444,8.7,0.309330286,Metonga Lake_2014_06,5.696332931518555
280,280,5295.0,GID_14,0.00245475,0.00487859,0.004552605,0.00113268,GID_14,UT-TO,Estonia,Lake Peipsi,58.41248,27.47408,7/9/2013,,9.33,1.0,2.4867919,Lake Peipsi_2013_07,1.141166090965271
281,281,5296.0,GID_140,0.001590502,0.003232292,0.003042944,0.00068768,GID_140,UT-TO,Lithuania,Curonian Lagoon,55.32699,21.17398,5/8/2018,,,0.9,,Curonian Lagoon_2018_05,1.3093734979629517
282,282,5297.0,GID_1400,0.001473512,0.001567831,0.000655731,7.2e-05,GID_1400,WDNR,United States of America (the),Metonga Lake,45.52993,-88.90288,6/26/2014,2.45,0.587,8.2,0.279100709,Metonga Lake_2014_06,6.139884948730469
283,283,5298.0,GID_1401,0.001160419,0.002275293,0.001660265,0.000134223,GID_1401,WDNR,United States of America (the),Pelican Lake,45.50332,-89.19541,6/26/2014,5.61,2.2,3.2,1.190689646,Pelican Lake_2014_06,2.164191484451294
284,284,5299.0,GID_1402,0.001121369,0.002025871,0.001436025,0.000175811,GID_1402,WDNR,United States of America (the),Pelican Lake,45.51121,-89.17763,6/26/2014,5.68,2.3,3.5,1.224676206,Pelican Lake_2014_06,2.8653416633605957
285,285,5300.0,GID_1403,0.001333353,0.002485068,0.001891862,0.000352189,GID_1403,WDNR,United States of America (the),Pelican Lake,45.51085,-89.21371,6/26/2014,6.98,2.8,2.4,1.190446446,Pelican Lake_2014_06,2.0624356269836426
286,286,5301.0,GID_1404,0.002002763,0.005560258,0.003922548,0.001186748,GID_1404,WDNR,United States of America (the),Lake Chetac,45.72491,-91.48252,7/9/2014,52.1,12.0,0.8,1.19355136,Lake Chetac_2014_07,0.3973824381828308
287,287,5302.0,GID_1405,0.002245717,0.00574401,0.00448219,0.001323145,GID_1405,WDNR,United States of America (the),Lake Chetac,45.7119,-91.5017,7/9/2014,46.6,12.7,0.8,1.242906331,Lake Chetac_2014_07,0.49657386541366577
288,288,5303.0,GID_1406,0.007100811,0.023943369,0.020083209,0.005782785,GID_1406,WDNR,United States of America (the),Lake Chetac,45.70339,-91.50582,7/9/2014,58.8,14.7,0.8,1.179213897,Lake Chetac_2014_07,0.5078359842300415
289,289,5304.0,GID_1407,0.001466365,0.002249548,0.001122355,0.000117158,GID_1407,WDNR,United States of America (the),Lac Courte Oreilles,45.89087,-91.46308,7/10/2014,4.72,2.5,4.6,0.42905344,Lac Courte Oreilles_2014_07,4.6714582443237305
290,290,5305.0,GID_1408,0.001344112,0.001963552,0.000974098,7.11e-05,GID_1408,WDNR,United States of America (the),Lac Courte Oreilles,45.89039,-91.44081,7/10/2014,3.83,2.17,5.0,0.427104183,Lac Courte Oreilles_2014_07,4.994819164276123
291,291,5306.0,GID_1409,0.001243114,0.001794745,0.000912364,7.98e-05,GID_1409,WDNR,United States of America (the),Lac Courte Oreilles,45.89772,-91.39736,7/10/2014,4.18,2.17,4.8,0.4714496,Lac Courte Oreilles_2014_07,5.080014228820801
292,292,5307.0,GID_141,0.002316157,0.005780701,0.005401363,0.000742887,GID_141,UT-TO,Lithuania,Curonian Lagoon,55.36944,21.15101,5/8/2018,,,1.0,,Curonian Lagoon_2018_05,0.6796126365661621
293,293,5308.0,GID_1410,0.000321757,0.000929274,0.001170596,0.000482943,GID_1410,WDNR,United States of America (the),Lake Chippewa,45.93523,-91.16009,7/10/2014,17.3,5.83,1.2,8.5753472,Lake Chippewa_2014_07,1.209218978881836
294,294,5309.0,GID_1411,0.000602783,0.001723107,0.001891865,0.000524715,GID_1411,WDNR,United States of America (the),Lake Chippewa,45.96172,-91.17016,7/10/2014,17.4,5.17,1.4,5.221067337,Lake Chippewa_2014_07,1.1075730323791504
295,295,5310.0,GID_1412,0.0014115,0.003509524,0.002852808,0.000499687,GID_1412,WDNR,United States of America (the),Lake Chippewa,45.92926,-91.22185,7/10/2014,13.1,4.27,1.8,2.049863314,Lake Chippewa_2014_07,1.1104822158813477
296,296,5311.0,GID_1413,0.001336798,0.002370978,0.00127676,0.000125005,GID_1413,WDNR,United States of America (the),Rock Lake,43.08029,-88.9323,7/21/2014,3.29,1.92,4.5,0.834332891,Rock Lake_2014_07,4.103427886962891
297,297,5312.0,GID_1414,0.00132146,0.002345611,0.001266017,0.000139296,GID_1414,WDNR,United States of America (the),Rock Lake,43.08895,-88.92897,7/21/2014,3.18,2.16,4.5,0.823178971,Rock Lake_2014_07,4.1080474853515625
298,298,5313.0,GID_1415,0.001136026,0.002043823,0.001121177,9.27e-05,GID_1415,WDNR,United States of America (the),Rock Lake,43.07268,-88.92884,7/21/2014,3.24,1.84,4.8,0.886224091,Rock Lake_2014_07,4.180665969848633
299,299,5314.0,GID_1416,0.002225761,0.00226054,0.000822252,9.88e-05,GID_1416,WDNR,United States of America (the),Geneva Lake,42.55873,-88.54,7/21/2014,1.97,0.958,6.5,0.21766656,Geneva Lake_2014_07,5.731249809265137
300,300,5315.0,GID_1417,0.002269967,0.002379949,0.000880864,8.44e-05,GID_1417,WDNR,United States of America (the),Geneva Lake,42.56583,-88.50374,7/21/2014,2.02,1.0,5.0,0.237866789,Geneva Lake_2014_07,5.622586250305176
301,301,5316.0,GID_1418,0.002180943,0.002299113,0.000854389,7.58e-05,GID_1418,WDNR,United States of America (the),Geneva Lake,42.57122,-88.45619,7/21/2014,1.97,1.02,5.5,0.250494171,Geneva Lake_2014_07,5.679601669311523
302,302,5317.0,GID_1419,0.001986175,0.003003583,0.001424855,9.49e-05,GID_1419,WDNR,United States of America (the),Green Lake,43.81022,-88.99813,7/28/2014,7.87,2.0,4.2,0.445503634,Green Lake_2014_07,4.432868957519531
303,303,5318.0,GID_142,0.000949495,0.001481198,0.001304555,0.000200627,GID_142,UT-TO,Estonia,Lake Kuremaa,58.71246,26.56154,5/11/2018,,2.89,2.8,3.22361913,Lake Kuremaa_2018_05,2.4750168323516846
